number_of_reviews,price,,N,mean,sd,,
0,$100.00 ,fewer than 6 reviews,1599,138.9399625,100.1369408,,18.8642527
0,$200.00 ,6 or more reviews,2219,120.0757098,81.52317758,,
0,$75.00 ,,,,,,
0,$150.00 ,,,,,,
0,$349.00 ,,t-Test: Two-Sample Assuming Equal Variances,,,,
0,$100.00 ,,,,,,
0,$20.00 ,,,Variable 1,Variable 2,,
0,$150.00 ,,Mean,138.9399625,120.0757098,,
0,$400.00 ,,Variance,10027.40691,6643.467665,,
0,$175.00 ,,Observations,1599,2219,,
0,$50.00 ,,Pooled Variance,8060.536561,,,
0,$60.00 ,,Hypothesized Mean Difference,0,,,
0,$25.00 ,,df,3816,,,
0,$40.00 ,,t Stat,6.405345353,,,
0,$55.00 ,,P(T<=t) one-tail,8.41393E-11,,,
0,$100.00 ,,t Critical one-tail,1.645253035,,,
0,$50.00 ,,P(T<=t) two-tail,1.68279E-10,,,
0,$99.00 ,,t Critical two-tail,1.960585843,,,
0,$105.00 ,,,,,,
0,$218.00 ,,,,,,
0,$50.00 ,,,,,,
0,$65.00 ,,,,,,
0,$149.00 ,,,,,,
0,$79.00 ,,,,,,
0,$200.00 ,,,,,,
0,$275.00 ,,,,,,
0,$199.00 ,,,,,,
0,$150.00 ,,,,,,
0,$70.00 ,,,,,,
0,$80.00 ,,,,,,
0,$95.00 ,,,,,,
0,$89.00 ,,,,,,
0,$200.00 ,,,,,,
0,$73.00 ,,,,,,
0,$85.00 ,,,,,,
0,$100.00 ,,,,,,
0,$109.00 ,,,,,,
0,$75.00 ,,,,,,
0,$85.00 ,,,,,,
0,$95.00 ,,,,,,
0,$143.00 ,,,,,,
0,$60.00 ,,,,,,
0,$150.00 ,,,,,,
0,$40.00 ,,,,,,
0,$185.00 ,,,,,,
0,$40.00 ,,,,,,
0,$70.00 ,,,,,,
0,$90.00 ,,,,,,
0,$40.00 ,,,,,,
0,$350.00 ,,,,,,
0,$39.00 ,,,,,,
0,$40.00 ,,,,,,
0,$90.00 ,,,,,,
0,$400.00 ,,,,,,
0,$55.00 ,,,,,,
0,$350.00 ,,,,,,
0,$215.00 ,,,,,,
0,$85.00 ,,,,,,
0,$95.00 ,,,,,,
0,$255.00 ,,,,,,
0,$325.00 ,,,,,,
0,$100.00 ,,,,,,
0,$175.00 ,,,,,,
0,$100.00 ,,,,,,
0,$46.00 ,,,,,,
0,$300.00 ,,,,,,
0,$100.00 ,,,,,,
0,$100.00 ,,,,,,
0,$195.00 ,,,,,,
0,$50.00 ,,,,,,
0,$160.00 ,,,,,,
0,$325.00 ,,,,,,
0,$199.00 ,,,,,,
0,$149.00 ,,,,,,
0,$85.00 ,,,,,,
0,$215.00 ,,,,,,
0,$135.00 ,,,,,,
0,$65.00 ,,,,,,
0,$250.00 ,,,,,,
0,$69.00 ,,,,,,
0,$150.00 ,,,,,,
0,$200.00 ,,,,,,
0,$195.00 ,,,,,,
0,$249.00 ,,,,,,
0,$90.00 ,,,,,,
0,$60.00 ,,,,,,
0,$95.00 ,,,,,,
0,$400.00 ,,,,,,
0,$175.00 ,,,,,,
0,$109.00 ,,,,,,
0,$400.00 ,,,,,,
0,$250.00 ,,,,,,
0,$250.00 ,,,,,,
0,$175.00 ,,,,,,
0,$95.00 ,,,,,,
0,$115.00 ,,,,,,
0,$125.00 ,,,,,,
0,$50.00 ,,,,,,
0,$90.00 ,,,,,,
0,$225.00 ,,,,,,
0,$295.00 ,,,,,,
0,$80.00 ,,,,,,
0,$500.00 ,,,,,,
0,$50.00 ,,,,,,
0,$45.00 ,,,,,,
0,$35.00 ,,,,,,
0,$49.00 ,,,,,,
0,$99.00 ,,,,,,
0,$100.00 ,,,,,,
0,$155.00 ,,,,,,
0,$80.00 ,,,,,,
0,$80.00 ,,,,,,
0,$82.00 ,,,,,,
0,$70.00 ,,,,,,
0,$55.00 ,,,,,,
0,$75.00 ,,,,,,
0,$42.00 ,,,,,,
0,$28.00 ,,,,,,
0,$30.00 ,,,,,,
0,$65.00 ,,,,,,
0,$135.00 ,,,,,,
0,$29.00 ,,,,,,
0,$69.00 ,,,,,,
0,$42.00 ,,,,,,
0,$42.00 ,,,,,,
0,$275.00 ,,,,,,
0,$47.00 ,,,,,,
0,$139.00 ,,,,,,
0,$70.00 ,,,,,,
0,$100.00 ,,,,,,
0,$203.00 ,,,,,,
0,$65.00 ,,,,,,
0,$58.00 ,,,,,,
0,$80.00 ,,,,,,
0,$70.00 ,,,,,,
0,$75.00 ,,,,,,
0,$75.00 ,,,,,,
0,$175.00 ,,,,,,
0,$90.00 ,,,,,,
0,$90.00 ,,,,,,
0,$129.00 ,,,,,,
0,$200.00 ,,,,,,
0,$75.00 ,,,,,,
0,$100.00 ,,,,,,
0,$83.00 ,,,,,,
0,$210.00 ,,,,,,
0,$210.00 ,,,,,,
0,$150.00 ,,,,,,
0,$175.00 ,,,,,,
0,$100.00 ,,,,,,
0,$55.00 ,,,,,,
0,$100.00 ,,,,,,
0,$115.00 ,,,,,,
0,$119.00 ,,,,,,
0,$80.00 ,,,,,,
0,$125.00 ,,,,,,
0,$90.00 ,,,,,,
0,$129.00 ,,,,,,
0,$97.00 ,,,,,,
0,$165.00 ,,,,,,
0,$160.00 ,,,,,,
0,$357.00 ,,,,,,
0,$140.00 ,,,,,,
0,$50.00 ,,,,,,
0,$100.00 ,,,,,,
0,$68.00 ,,,,,,
0,$52.00 ,,,,,,
0,$129.00 ,,,,,,
0,$89.00 ,,,,,,
0,$225.00 ,,,,,,
0,$90.00 ,,,,,,
0,$90.00 ,,,,,,
0,$95.00 ,,,,,,
0,$110.00 ,,,,,,
0,$100.00 ,,,,,,
0,$88.00 ,,,,,,
0,$135.00 ,,,,,,
0,$183.00 ,,,,,,
0,$100.00 ,,,,,,
0,$55.00 ,,,,,,
0,$97.00 ,,,,,,
0,$115.00 ,,,,,,
0,$150.00 ,,,,,,
0,$147.00 ,,,,,,
0,$78.00 ,,,,,,
0,$120.00 ,,,,,,
0,$480.00 ,,,,,,
0,$50.00 ,,,,,,
0,$200.00 ,,,,,,
0,$69.00 ,,,,,,
0,$120.00 ,,,,,,
0,$105.00 ,,,,,,
0,$150.00 ,,,,,,
0,$129.00 ,,,,,,
0,$180.00 ,,,,,,
0,$126.00 ,,,,,,
0,$150.00 ,,,,,,
0,$250.00 ,,,,,,
0,$130.00 ,,,,,,
0,$110.00 ,,,,,,
0,$125.00 ,,,,,,
0,$200.00 ,,,,,,
0,$99.00 ,,,,,,
0,$700.00 ,,,,,,
0,$99.00 ,,,,,,
0,$105.00 ,,,,,,
0,$160.00 ,,,,,,
0,$444.00 ,,,,,,
0,$105.00 ,,,,,,
0,$183.00 ,,,,,,
0,$225.00 ,,,,,,
0,$110.00 ,,,,,,
0,$110.00 ,,,,,,
0,$79.00 ,,,,,,
0,$139.00 ,,,,,,
0,$65.00 ,,,,,,
0,$250.00 ,,,,,,
0,$166.00 ,,,,,,
0,$150.00 ,,,,,,
0,$130.00 ,,,,,,
0,$75.00 ,,,,,,
0,$65.00 ,,,,,,
0,$65.00 ,,,,,,
0,$175.00 ,,,,,,
0,$99.00 ,,,,,,
0,$170.00 ,,,,,,
0,$59.00 ,,,,,,
0,$235.00 ,,,,,,
0,$59.00 ,,,,,,
0,$100.00 ,,,,,,
0,$149.00 ,,,,,,
0,$150.00 ,,,,,,
0,$150.00 ,,,,,,
0,$175.00 ,,,,,,
0,$150.00 ,,,,,,
0,$230.00 ,,,,,,
0,$350.00 ,,,,,,
0,$300.00 ,,,,,,
0,$110.00 ,,,,,,
0,$140.00 ,,,,,,
0,$250.00 ,,,,,,
0,$85.00 ,,,,,,
0,$129.00 ,,,,,,
0,$109.00 ,,,,,,
0,$185.00 ,,,,,,
0,$250.00 ,,,,,,
0,$250.00 ,,,,,,
0,$100.00 ,,,,,,
0,$40.00 ,,,,,,
0,$65.00 ,,,,,,
0,$72.00 ,,,,,,
0,$120.00 ,,,,,,
0,$99.00 ,,,,,,
0,$180.00 ,,,,,,
0,$109.00 ,,,,,,
0,$125.00 ,,,,,,
0,$112.00 ,,,,,,
0,$245.00 ,,,,,,
0,$45.00 ,,,,,,
0,$150.00 ,,,,,,
0,$75.00 ,,,,,,
0,$150.00 ,,,,,,
0,$325.00 ,,,,,,
0,$55.00 ,,,,,,
0,$225.00 ,,,,,,
0,$219.00 ,,,,,,
0,$265.00 ,,,,,,
0,$124.00 ,,,,,,
0,$100.00 ,,,,,,
0,$99.00 ,,,,,,
0,$90.00 ,,,,,,
0,$350.00 ,,,,,,
0,$399.00 ,,,,,,
0,$350.00 ,,,,,,
0,$150.00 ,,,,,,
0,$218.00 ,,,,,,
0,$225.00 ,,,,,,
0,$79.00 ,,,,,,
0,$180.00 ,,,,,,
0,$450.00 ,,,,,,
0,$200.00 ,,,,,,
0,$95.00 ,,,,,,
0,$199.00 ,,,,,,
0,$65.00 ,,,,,,
0,$99.00 ,,,,,,
0,$45.00 ,,,,,,
0,$130.00 ,,,,,,
0,$299.00 ,,,,,,
0,$100.00 ,,,,,,
0,$100.00 ,,,,,,
0,$100.00 ,,,,,,
0,$299.00 ,,,,,,
0,$250.00 ,,,,,,
0,$200.00 ,,,,,,
0,$125.00 ,,,,,,
0,$55.00 ,,,,,,
0,$375.00 ,,,,,,
0,$250.00 ,,,,,,
0,$150.00 ,,,,,,
0,$25.00 ,,,,,,
0,$265.00 ,,,,,,
0,$80.00 ,,,,,,
0,$58.00 ,,,,,,
0,$38.00 ,,,,,,
0,$60.00 ,,,,,,
0,$280.00 ,,,,,,
0,$120.00 ,,,,,,
0,$98.00 ,,,,,,
0,$44.00 ,,,,,,
0,$50.00 ,,,,,,
0,$70.00 ,,,,,,
0,$38.00 ,,,,,,
0,$26.00 ,,,,,,
0,$126.00 ,,,,,,
0,$125.00 ,,,,,,
0,$42.00 ,,,,,,
0,$55.00 ,,,,,,
0,$115.00 ,,,,,,
0,$75.00 ,,,,,,
0,$125.00 ,,,,,,
0,$125.00 ,,,,,,
0,$60.00 ,,,,,,
0,$43.00 ,,,,,,
0,$110.00 ,,,,,,
0,$150.00 ,,,,,,
0,$90.00 ,,,,,,
0,$50.00 ,,,,,,
0,$375.00 ,,,,,,
0,$80.00 ,,,,,,
0,$99.00 ,,,,,,
0,$260.00 ,,,,,,
0,$300.00 ,,,,,,
0,$79.00 ,,,,,,
0,$75.00 ,,,,,,
0,$169.00 ,,,,,,
0,$150.00 ,,,,,,
0,$89.00 ,,,,,,
0,$88.00 ,,,,,,
0,$130.00 ,,,,,,
0,$275.00 ,,,,,,
0,$40.00 ,,,,,,
0,$45.00 ,,,,,,
0,$50.00 ,,,,,,
0,$150.00 ,,,,,,
0,$150.00 ,,,,,,
0,$120.00 ,,,,,,
0,$36.00 ,,,,,,
0,$90.00 ,,,,,,
0,$42.00 ,,,,,,
0,$79.00 ,,,,,,
0,$118.00 ,,,,,,
0,$100.00 ,,,,,,
0,$100.00 ,,,,,,
0,$150.00 ,,,,,,
0,$59.00 ,,,,,,
0,$70.00 ,,,,,,
0,$175.00 ,,,,,,
0,$50.00 ,,,,,,
0,$55.00 ,,,,,,
0,$40.00 ,,,,,,
0,$74.00 ,,,,,,
0,$175.00 ,,,,,,
0,$95.00 ,,,,,,
0,$80.00 ,,,,,,
0,$150.00 ,,,,,,
0,$200.00 ,,,,,,
0,$100.00 ,,,,,,
0,$99.00 ,,,,,,
0,$65.00 ,,,,,,
0,$93.00 ,,,,,,
0,$50.00 ,,,,,,
0,$85.00 ,,,,,,
0,$70.00 ,,,,,,
0,$100.00 ,,,,,,
0,$129.00 ,,,,,,
0,$50.00 ,,,,,,
0,$100.00 ,,,,,,
0,$55.00 ,,,,,,
0,$55.00 ,,,,,,
0,$50.00 ,,,,,,
0,$90.00 ,,,,,,
0,$72.00 ,,,,,,
0,$50.00 ,,,,,,
0,$115.00 ,,,,,,
0,$39.00 ,,,,,,
0,$50.00 ,,,,,,
0,$125.00 ,,,,,,
0,$90.00 ,,,,,,
0,$80.00 ,,,,,,
0,$49.00 ,,,,,,
0,$110.00 ,,,,,,
0,$130.00 ,,,,,,
0,$95.00 ,,,,,,
0,$50.00 ,,,,,,
0,$55.00 ,,,,,,
0,$250.00 ,,,,,,
0,$185.00 ,,,,,,
0,$125.00 ,,,,,,
0,$60.00 ,,,,,,
0,$415.00 ,,,,,,
0,$55.00 ,,,,,,
0,$85.00 ,,,,,,
0,$50.00 ,,,,,,
0,$80.00 ,,,,,,
0,$200.00 ,,,,,,
0,$90.00 ,,,,,,
0,$75.00 ,,,,,,
0,$230.00 ,,,,,,
0,$75.00 ,,,,,,
0,$95.00 ,,,,,,
0,$150.00 ,,,,,,
0,$395.00 ,,,,,,
0,$70.00 ,,,,,,
0,$90.00 ,,,,,,
0,$275.00 ,,,,,,
0,$85.00 ,,,,,,
0,$85.00 ,,,,,,
0,$110.00 ,,,,,,
0,$245.00 ,,,,,,
0,$100.00 ,,,,,,
0,$190.00 ,,,,,,
0,$40.00 ,,,,,,
0,$65.00 ,,,,,,
0,$200.00 ,,,,,,
0,$75.00 ,,,,,,
0,$78.00 ,,,,,,
0,$99.00 ,,,,,,
0,$99.00 ,,,,,,
0,$118.00 ,,,,,,
0,$65.00 ,,,,,,
0,$90.00 ,,,,,,
0,$130.00 ,,,,,,
0,$82.00 ,,,,,,
0,$100.00 ,,,,,,
0,$85.00 ,,,,,,
0,$100.00 ,,,,,,
0,$150.00 ,,,,,,
0,$550.00 ,,,,,,
0,$69.00 ,,,,,,
0,$100.00 ,,,,,,
0,$165.00 ,,,,,,
0,$69.00 ,,,,,,
0,$138.00 ,,,,,,
0,$145.00 ,,,,,,
0,$100.00 ,,,,,,
0,$85.00 ,,,,,,
0,$62.00 ,,,,,,
0,$82.00 ,,,,,,
0,$49.00 ,,,,,,
0,$99.00 ,,,,,,
0,$49.00 ,,,,,,
0,$99.00 ,,,,,,
0,$69.00 ,,,,,,
0,$120.00 ,,,,,,
0,$295.00 ,,,,,,
0,$420.00 ,,,,,,
0,$100.00 ,,,,,,
0,$85.00 ,,,,,,
0,$400.00 ,,,,,,
0,$250.00 ,,,,,,
0,$69.00 ,,,,,,
0,$69.00 ,,,,,,
0,$49.00 ,,,,,,
0,$140.00 ,,,,,,
0,$105.00 ,,,,,,
0,$120.00 ,,,,,,
0,$160.00 ,,,,,,
0,$110.00 ,,,,,,
0,$99.00 ,,,,,,
0,$45.00 ,,,,,,
0,$109.00 ,,,,,,
0,$110.00 ,,,,,,
0,$115.00 ,,,,,,
0,$60.00 ,,,,,,
0,$89.00 ,,,,,,
0,$175.00 ,,,,,,
0,$46.00 ,,,,,,
0,$60.00 ,,,,,,
0,$46.00 ,,,,,,
0,$95.00 ,,,,,,
0,$99.00 ,,,,,,
0,$130.00 ,,,,,,
0,$220.00 ,,,,,,
0,$250.00 ,,,,,,
0,$299.00 ,,,,,,
0,$40.00 ,,,,,,
0,$50.00 ,,,,,,
0,$80.00 ,,,,,,
0,$65.00 ,,,,,,
0,$125.00 ,,,,,,
0,$60.00 ,,,,,,
0,$400.00 ,,,,,,
0,$50.00 ,,,,,,
0,$189.00 ,,,,,,
0,$80.00 ,,,,,,
0,$40.00 ,,,,,,
0,$76.00 ,,,,,,
0,$105.00 ,,,,,,
0,$60.00 ,,,,,,
0,$90.00 ,,,,,,
0,$110.00 ,,,,,,
0,$165.00 ,,,,,,
0,$150.00 ,,,,,,
0,$94.00 ,,,,,,
0,$110.00 ,,,,,,
0,$99.00 ,,,,,,
0,$275.00 ,,,,,,
0,$65.00 ,,,,,,
0,$100.00 ,,,,,,
0,$100.00 ,,,,,,
0,$145.00 ,,,,,,
0,$99.00 ,,,,,,
0,$85.00 ,,,,,,
0,$240.00 ,,,,,,
0,$165.00 ,,,,,,
0,$120.00 ,,,,,,
0,$75.00 ,,,,,,
0,$259.00 ,,,,,,
0,$89.00 ,,,,,,
0,$150.00 ,,,,,,
0,$175.00 ,,,,,,
0,$150.00 ,,,,,,
0,$119.00 ,,,,,,
0,$105.00 ,,,,,,
0,$149.00 ,,,,,,
0,$65.00 ,,,,,,
0,$75.00 ,,,,,,
0,$80.00 ,,,,,,
0,$299.00 ,,,,,,
0,$175.00 ,,,,,,
0,$210.00 ,,,,,,
0,$49.00 ,,,,,,
0,$95.00 ,,,,,,
0,$171.00 ,,,,,,
0,$55.00 ,,,,,,
0,$99.00 ,,,,,,
0,$80.00 ,,,,,,
0,$450.00 ,,,,,,
0,$75.00 ,,,,,,
0,$49.00 ,,,,,,
0,$36.00 ,,,,,,
0,$199.00 ,,,,,,
0,$73.00 ,,,,,,
0,$70.00 ,,,,,,
0,$100.00 ,,,,,,
0,$129.00 ,,,,,,
0,$99.00 ,,,,,,
0,$150.00 ,,,,,,
0,$207.00 ,,,,,,
0,$100.00 ,,,,,,
0,$95.00 ,,,,,,
0,$160.00 ,,,,,,
0,$400.00 ,,,,,,
0,$175.00 ,,,,,,
0,$350.00 ,,,,,,
0,$95.00 ,,,,,,
0,$50.00 ,,,,,,
0,$175.00 ,,,,,,
0,$99.00 ,,,,,,
0,$52.00 ,,,,,,
0,$105.00 ,,,,,,
0,$110.00 ,,,,,,
0,$300.00 ,,,,,,
0,$115.00 ,,,,,,
0,$200.00 ,,,,,,
0,$125.00 ,,,,,,
0,$68.00 ,,,,,,
0,$350.00 ,,,,,,
0,$80.00 ,,,,,,
0,$300.00 ,,,,,,
0,$97.00 ,,,,,,
0,$110.00 ,,,,,,
0,$100.00 ,,,,,,
0,$65.00 ,,,,,,
0,$59.00 ,,,,,,
0,$75.00 ,,,,,,
0,$275.00 ,,,,,,
0,$190.00 ,,,,,,
0,$60.00 ,,,,,,
0,$150.00 ,,,,,,
0,$90.00 ,,,,,,
0,$100.00 ,,,,,,
0,$90.00 ,,,,,,
0,$150.00 ,,,,,,
0,$125.00 ,,,,,,
0,$100.00 ,,,,,,
0,$146.00 ,,,,,,
0,$85.00 ,,,,,,
0,$399.00 ,,,,,,
0,$50.00 ,,,,,,
0,$200.00 ,,,,,,
0,$162.00 ,,,,,,
0,$52.00 ,,,,,,
0,$100.00 ,,,,,,
0,$152.00 ,,,,,,
0,$100.00 ,,,,,,
0,$138.00 ,,,,,,
0,$100.00 ,,,,,,
0,$50.00 ,,,,,,
0,$449.00 ,,,,,,
0,$155.00 ,,,,,,
0,$125.00 ,,,,,,
0,$350.00 ,,,,,,
0,$183.00 ,,,,,,
0,$149.00 ,,,,,,
0,$200.00 ,,,,,,
0,$100.00 ,,,,,,
0,$100.00 ,,,,,,
0,$95.00 ,,,,,,
0,$70.00 ,,,,,,
0,$35.00 ,,,,,,
0,$35.00 ,,,,,,
0,$195.00 ,,,,,,
0,$125.00 ,,,,,,
0,$75.00 ,,,,,,
0,$120.00 ,,,,,,
0,$112.00 ,,,,,,
0,$100.00 ,,,,,,
0,$99.00 ,,,,,,
0,$125.00 ,,,,,,
0,$55.00 ,,,,,,
0,$109.00 ,,,,,,
0,$185.00 ,,,,,,
0,$200.00 ,,,,,,
0,$93.00 ,,,,,,
0,$99.00 ,,,,,,
0,$87.00 ,,,,,,
1,$109.00 ,,,,,,
1,$110.00 ,,,,,,
1,$450.00 ,,,,,,
1,$600.00 ,,,,,,
1,$160.00 ,,,,,,
1,$70.00 ,,,,,,
1,$225.00 ,,,,,,
1,$197.00 ,,,,,,
1,$180.00 ,,,,,,
1,$90.00 ,,,,,,
1,$50.00 ,,,,,,
1,$250.00 ,,,,,,
1,$150.00 ,,,,,,
1,$100.00 ,,,,,,
1,$85.00 ,,,,,,
1,$105.00 ,,,,,,
1,$275.00 ,,,,,,
1,$196.00 ,,,,,,
1,$209.00 ,,,,,,
1,$130.00 ,,,,,,
1,$175.00 ,,,,,,
1,$80.00 ,,,,,,
1,$95.00 ,,,,,,
1,$180.00 ,,,,,,
1,$103.00 ,,,,,,
1,$75.00 ,,,,,,
1,$250.00 ,,,,,,
1,$99.00 ,,,,,,
1,$158.00 ,,,,,,
1,$100.00 ,,,,,,
1,$42.00 ,,,,,,
1,$50.00 ,,,,,,
1,$40.00 ,,,,,,
1,$105.00 ,,,,,,
1,$259.00 ,,,,,,
1,$95.00 ,,,,,,
1,$249.00 ,,,,,,
1,$245.00 ,,,,,,
1,$155.00 ,,,,,,
1,$140.00 ,,,,,,
1,$60.00 ,,,,,,
1,$75.00 ,,,,,,
1,$40.00 ,,,,,,
1,$160.00 ,,,,,,
1,$50.00 ,,,,,,
1,$100.00 ,,,,,,
1,$209.00 ,,,,,,
1,$250.00 ,,,,,,
1,$99.00 ,,,,,,
1,$100.00 ,,,,,,
1,$235.00 ,,,,,,
1,$80.00 ,,,,,,
1,$450.00 ,,,,,,
1,$130.00 ,,,,,,
1,$300.00 ,,,,,,
1,$99.00 ,,,,,,
1,$59.00 ,,,,,,
1,$250.00 ,,,,,,
1,$300.00 ,,,,,,
1,$75.00 ,,,,,,
1,$45.00 ,,,,,,
1,$99.00 ,,,,,,
1,$150.00 ,,,,,,
1,$200.00 ,,,,,,
1,$375.00 ,,,,,,
1,$189.00 ,,,,,,
1,$250.00 ,,,,,,
1,$155.00 ,,,,,,
1,$110.00 ,,,,,,
1,$250.00 ,,,,,,
1,$68.00 ,,,,,,
1,$35.00 ,,,,,,
1,$109.00 ,,,,,,
1,$75.00 ,,,,,,
1,$109.00 ,,,,,,
1,$55.00 ,,,,,,
1,$350.00 ,,,,,,
1,$95.00 ,,,,,,
1,$30.00 ,,,,,,
1,$125.00 ,,,,,,
1,$70.00 ,,,,,,
1,$53.00 ,,,,,,
1,$92.00 ,,,,,,
1,$70.00 ,,,,,,
1,$120.00 ,,,,,,
1,$185.00 ,,,,,,
1,$306.00 ,,,,,,
1,$50.00 ,,,,,,
1,$85.00 ,,,,,,
1,$40.00 ,,,,,,
1,$118.00 ,,,,,,
1,$150.00 ,,,,,,
1,$165.00 ,,,,,,
1,$115.00 ,,,,,,
1,$67.00 ,,,,,,
1,$150.00 ,,,,,,
1,$115.00 ,,,,,,
1,$270.00 ,,,,,,
1,$200.00 ,,,,,,
1,$325.00 ,,,,,,
1,$287.00 ,,,,,,
1,$279.00 ,,,,,,
1,$90.00 ,,,,,,
1,$257.00 ,,,,,,
1,$75.00 ,,,,,,
1,$60.00 ,,,,,,
1,$120.00 ,,,,,,
1,$140.00 ,,,,,,
1,$90.00 ,,,,,,
1,$125.00 ,,,,,,
1,$120.00 ,,,,,,
1,$168.00 ,,,,,,
1,$80.00 ,,,,,,
1,$149.00 ,,,,,,
1,$95.00 ,,,,,,
1,$150.00 ,,,,,,
1,$90.00 ,,,,,,
1,$110.00 ,,,,,,
1,$75.00 ,,,,,,
1,$178.00 ,,,,,,
1,$175.00 ,,,,,,
1,$350.00 ,,,,,,
1,$50.00 ,,,,,,
1,$130.00 ,,,,,,
1,$157.00 ,,,,,,
1,$700.00 ,,,,,,
1,$80.00 ,,,,,,
1,$181.00 ,,,,,,
1,$139.00 ,,,,,,
1,$150.00 ,,,,,,
1,$270.00 ,,,,,,
1,$120.00 ,,,,,,
1,$115.00 ,,,,,,
1,$120.00 ,,,,,,
1,$239.00 ,,,,,,
1,$229.00 ,,,,,,
1,$139.00 ,,,,,,
1,$130.00 ,,,,,,
1,$95.00 ,,,,,,
1,$150.00 ,,,,,,
1,$79.00 ,,,,,,
1,$130.00 ,,,,,,
1,$150.00 ,,,,,,
1,$219.00 ,,,,,,
1,$100.00 ,,,,,,
1,$300.00 ,,,,,,
1,$300.00 ,,,,,,
1,$200.00 ,,,,,,
1,$132.00 ,,,,,,
1,$121.00 ,,,,,,
1,$129.00 ,,,,,,
1,$170.00 ,,,,,,
1,$175.00 ,,,,,,
1,$150.00 ,,,,,,
1,$109.00 ,,,,,,
1,$120.00 ,,,,,,
1,$150.00 ,,,,,,
1,$500.00 ,,,,,,
1,$90.00 ,,,,,,
1,$120.00 ,,,,,,
1,$140.00 ,,,,,,
1,$70.00 ,,,,,,
1,$350.00 ,,,,,,
1,$65.00 ,,,,,,
1,$250.00 ,,,,,,
1,$159.00 ,,,,,,
1,$135.00 ,,,,,,
1,$235.00 ,,,,,,
1,$60.00 ,,,,,,
1,$225.00 ,,,,,,
1,$200.00 ,,,,,,
1,$120.00 ,,,,,,
1,$370.00 ,,,,,,
1,$200.00 ,,,,,,
1,$49.00 ,,,,,,
1,$250.00 ,,,,,,
1,$50.00 ,,,,,,
1,$215.00 ,,,,,,
1,$62.00 ,,,,,,
1,$40.00 ,,,,,,
1,$40.00 ,,,,,,
1,$100.00 ,,,,,,
1,$69.00 ,,,,,,
1,$60.00 ,,,,,,
1,$89.00 ,,,,,,
1,$55.00 ,,,,,,
1,$120.00 ,,,,,,
1,$244.00 ,,,,,,
1,$125.00 ,,,,,,
1,$38.00 ,,,,,,
1,$200.00 ,,,,,,
1,$300.00 ,,,,,,
1,$195.00 ,,,,,,
1,$150.00 ,,,,,,
1,$49.00 ,,,,,,
1,$80.00 ,,,,,,
1,$150.00 ,,,,,,
1,$49.00 ,,,,,,
1,$81.00 ,,,,,,
1,$250.00 ,,,,,,
1,$98.00 ,,,,,,
1,$160.00 ,,,,,,
1,$250.00 ,,,,,,
1,$85.00 ,,,,,,
1,$75.00 ,,,,,,
1,$85.00 ,,,,,,
1,$109.00 ,,,,,,
1,$75.00 ,,,,,,
1,$39.00 ,,,,,,
1,$110.00 ,,,,,,
1,$50.00 ,,,,,,
1,$115.00 ,,,,,,
1,$99.00 ,,,,,,
1,$79.00 ,,,,,,
1,$47.00 ,,,,,,
1,$150.00 ,,,,,,
1,$45.00 ,,,,,,
1,$162.00 ,,,,,,
1,$185.00 ,,,,,,
1,$62.00 ,,,,,,
1,$59.00 ,,,,,,
1,$53.00 ,,,,,,
1,$55.00 ,,,,,,
1,$150.00 ,,,,,,
1,$175.00 ,,,,,,
1,$99.00 ,,,,,,
1,$135.00 ,,,,,,
1,$69.00 ,,,,,,
1,$39.00 ,,,,,,
1,$68.00 ,,,,,,
1,$600.00 ,,,,,,
1,$150.00 ,,,,,,
1,$250.00 ,,,,,,
1,$80.00 ,,,,,,
1,$70.00 ,,,,,,
1,$105.00 ,,,,,,
1,$69.00 ,,,,,,
1,$134.00 ,,,,,,
1,$120.00 ,,,,,,
1,$69.00 ,,,,,,
1,$85.00 ,,,,,,
1,$250.00 ,,,,,,
1,$200.00 ,,,,,,
1,$75.00 ,,,,,,
1,$200.00 ,,,,,,
1,$200.00 ,,,,,,
1,$68.00 ,,,,,,
1,$72.00 ,,,,,,
1,$40.00 ,,,,,,
1,"$1,000.00 ",,,,,,
1,$125.00 ,,,,,,
1,$86.00 ,,,,,,
1,$84.00 ,,,,,,
1,$103.00 ,,,,,,
1,$119.00 ,,,,,,
1,$200.00 ,,,,,,
1,$205.00 ,,,,,,
1,$199.00 ,,,,,,
1,$100.00 ,,,,,,
1,$119.00 ,,,,,,
1,$190.00 ,,,,,,
1,$150.00 ,,,,,,
1,$200.00 ,,,,,,
1,$75.00 ,,,,,,
1,$70.00 ,,,,,,
1,$80.00 ,,,,,,
1,$250.00 ,,,,,,
1,$170.00 ,,,,,,
1,$90.00 ,,,,,,
1,$97.00 ,,,,,,
1,$150.00 ,,,,,,
1,$55.00 ,,,,,,
1,$88.00 ,,,,,,
1,$79.00 ,,,,,,
1,$195.00 ,,,,,,
1,$239.00 ,,,,,,
1,$349.00 ,,,,,,
1,$105.00 ,,,,,,
1,$117.00 ,,,,,,
1,$550.00 ,,,,,,
1,$225.00 ,,,,,,
1,$80.00 ,,,,,,
1,$200.00 ,,,,,,
1,$139.00 ,,,,,,
1,$139.00 ,,,,,,
1,$29.00 ,,,,,,
1,$400.00 ,,,,,,
1,$545.00 ,,,,,,
1,$22.00 ,,,,,,
1,$140.00 ,,,,,,
1,$125.00 ,,,,,,
1,$150.00 ,,,,,,
1,$125.00 ,,,,,,
1,$95.00 ,,,,,,
1,$92.00 ,,,,,,
1,$39.00 ,,,,,,
1,$136.00 ,,,,,,
1,$59.00 ,,,,,,
1,$500.00 ,,,,,,
1,$200.00 ,,,,,,
1,$75.00 ,,,,,,
1,$150.00 ,,,,,,
1,$62.00 ,,,,,,
1,$119.00 ,,,,,,
1,$50.00 ,,,,,,
1,$135.00 ,,,,,,
1,$150.00 ,,,,,,
1,$70.00 ,,,,,,
1,$160.00 ,,,,,,
1,$359.00 ,,,,,,
2,$150.00 ,,,,,,
2,$99.00 ,,,,,,
2,$85.00 ,,,,,,
2,$129.00 ,,,,,,
2,$75.00 ,,,,,,
2,$45.00 ,,,,,,
2,$80.00 ,,,,,,
2,$50.00 ,,,,,,
2,$150.00 ,,,,,,
2,$39.00 ,,,,,,
2,$115.00 ,,,,,,
2,$235.00 ,,,,,,
2,$250.00 ,,,,,,
2,$195.00 ,,,,,,
2,$40.00 ,,,,,,
2,$166.00 ,,,,,,
2,$150.00 ,,,,,,
2,$200.00 ,,,,,,
2,$130.00 ,,,,,,
2,$50.00 ,,,,,,
2,$130.00 ,,,,,,
2,$120.00 ,,,,,,
2,$395.00 ,,,,,,
2,$300.00 ,,,,,,
2,$150.00 ,,,,,,
2,$250.00 ,,,,,,
2,$145.00 ,,,,,,
2,$225.00 ,,,,,,
2,$85.00 ,,,,,,
2,$170.00 ,,,,,,
2,$275.00 ,,,,,,
2,$78.00 ,,,,,,
2,$90.00 ,,,,,,
2,$175.00 ,,,,,,
2,$195.00 ,,,,,,
2,$85.00 ,,,,,,
2,$175.00 ,,,,,,
2,$350.00 ,,,,,,
2,$65.00 ,,,,,,
2,$125.00 ,,,,,,
2,$295.00 ,,,,,,
2,$93.00 ,,,,,,
2,$98.00 ,,,,,,
2,$42.00 ,,,,,,
2,$250.00 ,,,,,,
2,$210.00 ,,,,,,
2,$50.00 ,,,,,,
2,$145.00 ,,,,,,
2,$100.00 ,,,,,,
2,$119.00 ,,,,,,
2,$100.00 ,,,,,,
2,$80.00 ,,,,,,
2,$400.00 ,,,,,,
2,$350.00 ,,,,,,
2,$285.00 ,,,,,,
2,$66.00 ,,,,,,
2,$65.00 ,,,,,,
2,$135.00 ,,,,,,
2,$150.00 ,,,,,,
2,$129.00 ,,,,,,
2,$59.00 ,,,,,,
2,$195.00 ,,,,,,
2,$600.00 ,,,,,,
2,$100.00 ,,,,,,
2,$200.00 ,,,,,,
2,$250.00 ,,,,,,
2,$280.00 ,,,,,,
2,$225.00 ,,,,,,
2,$95.00 ,,,,,,
2,$130.00 ,,,,,,
2,$139.00 ,,,,,,
2,$150.00 ,,,,,,
2,$170.00 ,,,,,,
2,$245.00 ,,,,,,
2,$139.00 ,,,,,,
2,$475.00 ,,,,,,
2,$150.00 ,,,,,,
2,$399.00 ,,,,,,
2,$150.00 ,,,,,,
2,$425.00 ,,,,,,
2,$120.00 ,,,,,,
2,$112.00 ,,,,,,
2,$40.00 ,,,,,,
2,$35.00 ,,,,,,
2,$100.00 ,,,,,,
2,$117.00 ,,,,,,
2,$79.00 ,,,,,,
2,$219.00 ,,,,,,
2,$250.00 ,,,,,,
2,$168.00 ,,,,,,
2,$121.00 ,,,,,,
2,$290.00 ,,,,,,
2,$169.00 ,,,,,,
2,$230.00 ,,,,,,
2,$200.00 ,,,,,,
2,$150.00 ,,,,,,
2,$115.00 ,,,,,,
2,$179.00 ,,,,,,
2,$75.00 ,,,,,,
2,$125.00 ,,,,,,
2,$40.00 ,,,,,,
2,$269.00 ,,,,,,
2,$120.00 ,,,,,,
2,$225.00 ,,,,,,
2,$350.00 ,,,,,,
2,$185.00 ,,,,,,
2,$225.00 ,,,,,,
2,$119.00 ,,,,,,
2,$95.00 ,,,,,,
2,$75.00 ,,,,,,
2,$65.00 ,,,,,,
2,$95.00 ,,,,,,
2,$215.00 ,,,,,,
2,$249.00 ,,,,,,
2,$320.00 ,,,,,,
2,$80.00 ,,,,,,
2,$55.00 ,,,,,,
2,$100.00 ,,,,,,
2,$51.00 ,,,,,,
2,$80.00 ,,,,,,
2,$100.00 ,,,,,,
2,$280.00 ,,,,,,
2,$75.00 ,,,,,,
2,$225.00 ,,,,,,
2,$495.00 ,,,,,,
2,$180.00 ,,,,,,
2,$74.00 ,,,,,,
2,$45.00 ,,,,,,
2,$50.00 ,,,,,,
2,$75.00 ,,,,,,
2,$70.00 ,,,,,,
2,$175.00 ,,,,,,
2,$50.00 ,,,,,,
2,$97.00 ,,,,,,
2,$85.00 ,,,,,,
2,$70.00 ,,,,,,
2,$155.00 ,,,,,,
2,$140.00 ,,,,,,
2,$99.00 ,,,,,,
2,$279.00 ,,,,,,
2,$35.00 ,,,,,,
2,$42.00 ,,,,,,
2,$51.00 ,,,,,,
2,$139.00 ,,,,,,
2,$138.00 ,,,,,,
2,$39.00 ,,,,,,
2,$40.00 ,,,,,,
2,$80.00 ,,,,,,
2,$60.00 ,,,,,,
2,$58.00 ,,,,,,
2,$175.00 ,,,,,,
2,$150.00 ,,,,,,
2,$148.00 ,,,,,,
2,$69.00 ,,,,,,
2,$69.00 ,,,,,,
2,$90.00 ,,,,,,
2,$220.00 ,,,,,,
2,$25.00 ,,,,,,
2,$49.00 ,,,,,,
2,$65.00 ,,,,,,
2,$80.00 ,,,,,,
2,$69.00 ,,,,,,
2,$100.00 ,,,,,,
2,$100.00 ,,,,,,
2,$125.00 ,,,,,,
2,$239.00 ,,,,,,
2,$85.00 ,,,,,,
2,$350.00 ,,,,,,
2,$175.00 ,,,,,,
2,$69.00 ,,,,,,
2,$29.00 ,,,,,,
2,$110.00 ,,,,,,
2,$68.00 ,,,,,,
2,$110.00 ,,,,,,
2,$150.00 ,,,,,,
2,$115.00 ,,,,,,
2,$300.00 ,,,,,,
2,$98.00 ,,,,,,
2,$189.00 ,,,,,,
2,$99.00 ,,,,,,
2,$98.00 ,,,,,,
2,$100.00 ,,,,,,
2,$38.00 ,,,,,,
2,$70.00 ,,,,,,
2,$60.00 ,,,,,,
2,$70.00 ,,,,,,
2,$35.00 ,,,,,,
2,$65.00 ,,,,,,
2,$110.00 ,,,,,,
2,$75.00 ,,,,,,
2,$67.00 ,,,,,,
2,$80.00 ,,,,,,
2,$275.00 ,,,,,,
2,$108.00 ,,,,,,
2,$90.00 ,,,,,,
2,$50.00 ,,,,,,
2,$78.00 ,,,,,,
2,$150.00 ,,,,,,
2,$80.00 ,,,,,,
2,$65.00 ,,,,,,
2,$150.00 ,,,,,,
2,$400.00 ,,,,,,
2,$100.00 ,,,,,,
2,$110.00 ,,,,,,
2,$48.00 ,,,,,,
2,$102.00 ,,,,,,
2,$85.00 ,,,,,,
2,$60.00 ,,,,,,
2,$150.00 ,,,,,,
2,$150.00 ,,,,,,
2,$30.00 ,,,,,,
2,$83.00 ,,,,,,
2,$195.00 ,,,,,,
2,$150.00 ,,,,,,
2,$69.00 ,,,,,,
2,$49.00 ,,,,,,
2,$120.00 ,,,,,,
2,$60.00 ,,,,,,
2,$135.00 ,,,,,,
2,$50.00 ,,,,,,
2,$150.00 ,,,,,,
2,$150.00 ,,,,,,
2,$65.00 ,,,,,,
2,$79.00 ,,,,,,
3,$165.00 ,,,,,,
3,$110.00 ,,,,,,
3,$137.00 ,,,,,,
3,$295.00 ,,,,,,
3,$70.00 ,,,,,,
3,$90.00 ,,,,,,
3,$190.00 ,,,,,,
3,$335.00 ,,,,,,
3,$200.00 ,,,,,,
3,$80.00 ,,,,,,
3,$80.00 ,,,,,,
3,$200.00 ,,,,,,
3,$40.00 ,,,,,,
3,$105.00 ,,,,,,
3,$99.00 ,,,,,,
3,$40.00 ,,,,,,
3,$74.00 ,,,,,,
3,$99.00 ,,,,,,
3,$85.00 ,,,,,,
3,$145.00 ,,,,,,
3,$199.00 ,,,,,,
3,$350.00 ,,,,,,
3,$240.00 ,,,,,,
3,$150.00 ,,,,,,
3,$75.00 ,,,,,,
3,$95.00 ,,,,,,
3,$75.00 ,,,,,,
3,$105.00 ,,,,,,
3,$380.00 ,,,,,,
3,$225.00 ,,,,,,
3,$80.00 ,,,,,,
3,$70.00 ,,,,,,
3,$118.00 ,,,,,,
3,$70.00 ,,,,,,
3,$90.00 ,,,,,,
3,$75.00 ,,,,,,
3,$175.00 ,,,,,,
3,$199.00 ,,,,,,
3,$65.00 ,,,,,,
3,$122.00 ,,,,,,
3,$115.00 ,,,,,,
3,$55.00 ,,,,,,
3,$500.00 ,,,,,,
3,$90.00 ,,,,,,
3,$41.00 ,,,,,,
3,$129.00 ,,,,,,
3,$100.00 ,,,,,,
3,$115.00 ,,,,,,
3,$119.00 ,,,,,,
3,$350.00 ,,,,,,
3,$125.00 ,,,,,,
3,$129.00 ,,,,,,
3,$350.00 ,,,,,,
3,$275.00 ,,,,,,
3,$127.00 ,,,,,,
3,$117.00 ,,,,,,
3,$215.00 ,,,,,,
3,$139.00 ,,,,,,
3,$127.00 ,,,,,,
3,$122.00 ,,,,,,
3,$335.00 ,,,,,,
3,$250.00 ,,,,,,
3,$126.00 ,,,,,,
3,$245.00 ,,,,,,
3,$89.00 ,,,,,,
3,$140.00 ,,,,,,
3,$120.00 ,,,,,,
3,$130.00 ,,,,,,
3,$129.00 ,,,,,,
3,$110.00 ,,,,,,
3,$140.00 ,,,,,,
3,$105.00 ,,,,,,
3,$89.00 ,,,,,,
3,$95.00 ,,,,,,
3,$100.00 ,,,,,,
3,$225.00 ,,,,,,
3,$28.00 ,,,,,,
3,$41.00 ,,,,,,
3,$75.00 ,,,,,,
3,$79.00 ,,,,,,
3,$180.00 ,,,,,,
3,$69.00 ,,,,,,
3,$60.00 ,,,,,,
3,$50.00 ,,,,,,
3,$49.00 ,,,,,,
3,$99.00 ,,,,,,
3,$115.00 ,,,,,,
3,$60.00 ,,,,,,
3,$65.00 ,,,,,,
3,$60.00 ,,,,,,
3,$85.00 ,,,,,,
3,$85.00 ,,,,,,
3,$41.00 ,,,,,,
3,$110.00 ,,,,,,
3,$65.00 ,,,,,,
3,$60.00 ,,,,,,
3,$175.00 ,,,,,,
3,$49.00 ,,,,,,
3,$59.00 ,,,,,,
3,$125.00 ,,,,,,
3,$200.00 ,,,,,,
3,$39.00 ,,,,,,
3,$30.00 ,,,,,,
3,$45.00 ,,,,,,
3,$95.00 ,,,,,,
3,$64.00 ,,,,,,
3,$51.00 ,,,,,,
3,$29.00 ,,,,,,
3,$110.00 ,,,,,,
3,$245.00 ,,,,,,
3,$129.00 ,,,,,,
3,$175.00 ,,,,,,
3,$150.00 ,,,,,,
3,$150.00 ,,,,,,
3,$100.00 ,,,,,,
3,$50.00 ,,,,,,
3,$99.00 ,,,,,,
3,$81.00 ,,,,,,
3,$99.00 ,,,,,,
3,$150.00 ,,,,,,
3,$125.00 ,,,,,,
3,$130.00 ,,,,,,
3,$100.00 ,,,,,,
3,$175.00 ,,,,,,
3,$96.00 ,,,,,,
3,$126.00 ,,,,,,
3,$150.00 ,,,,,,
3,$25.00 ,,,,,,
3,$90.00 ,,,,,,
3,$99.00 ,,,,,,
3,$135.00 ,,,,,,
3,$80.00 ,,,,,,
3,$130.00 ,,,,,,
3,$42.00 ,,,,,,
3,$95.00 ,,,,,,
3,$59.00 ,,,,,,
3,$135.00 ,,,,,,
3,$275.00 ,,,,,,
3,$310.00 ,,,,,,
3,$100.00 ,,,,,,
3,$110.00 ,,,,,,
3,$350.00 ,,,,,,
3,$200.00 ,,,,,,
3,$70.00 ,,,,,,
3,$139.00 ,,,,,,
3,$100.00 ,,,,,,
3,$200.00 ,,,,,,
3,$100.00 ,,,,,,
3,$95.00 ,,,,,,
3,$110.00 ,,,,,,
3,$95.00 ,,,,,,
3,$80.00 ,,,,,,
3,$300.00 ,,,,,,
3,$95.00 ,,,,,,
3,$450.00 ,,,,,,
3,$300.00 ,,,,,,
3,$40.00 ,,,,,,
4,$80.00 ,,,,,,
4,$200.00 ,,,,,,
4,$79.00 ,,,,,,
4,$225.00 ,,,,,,
4,$61.00 ,,,,,,
4,$250.00 ,,,,,,
4,$68.00 ,,,,,,
4,$295.00 ,,,,,,
4,$89.00 ,,,,,,
4,$40.00 ,,,,,,
4,$70.00 ,,,,,,
4,$40.00 ,,,,,,
4,$175.00 ,,,,,,
4,$40.00 ,,,,,,
4,$250.00 ,,,,,,
4,$40.00 ,,,,,,
4,$76.00 ,,,,,,
4,$99.00 ,,,,,,
4,$140.00 ,,,,,,
4,$79.00 ,,,,,,
4,$65.00 ,,,,,,
4,$150.00 ,,,,,,
4,$78.00 ,,,,,,
4,$74.00 ,,,,,,
4,$40.00 ,,,,,,
4,$330.00 ,,,,,,
4,$100.00 ,,,,,,
4,$110.00 ,,,,,,
4,$114.00 ,,,,,,
4,$160.00 ,,,,,,
4,$200.00 ,,,,,,
4,$160.00 ,,,,,,
4,$156.00 ,,,,,,
4,$175.00 ,,,,,,
4,$100.00 ,,,,,,
4,$70.00 ,,,,,,
4,$85.00 ,,,,,,
4,$55.00 ,,,,,,
4,$42.00 ,,,,,,
4,$75.00 ,,,,,,
4,$229.00 ,,,,,,
4,$100.00 ,,,,,,
4,$250.00 ,,,,,,
4,$125.00 ,,,,,,
4,$249.00 ,,,,,,
4,$139.00 ,,,,,,
4,$195.00 ,,,,,,
4,$150.00 ,,,,,,
4,$405.00 ,,,,,,
4,$239.00 ,,,,,,
4,$140.00 ,,,,,,
4,$117.00 ,,,,,,
4,$106.00 ,,,,,,
4,$100.00 ,,,,,,
4,$165.00 ,,,,,,
4,$190.00 ,,,,,,
4,$143.00 ,,,,,,
4,$150.00 ,,,,,,
4,$300.00 ,,,,,,
4,$185.00 ,,,,,,
4,$169.00 ,,,,,,
4,$249.00 ,,,,,,
4,$175.00 ,,,,,,
4,$199.00 ,,,,,,
4,$119.00 ,,,,,,
4,$69.00 ,,,,,,
4,$70.00 ,,,,,,
4,$109.00 ,,,,,,
4,$75.00 ,,,,,,
4,$165.00 ,,,,,,
4,$30.00 ,,,,,,
4,$130.00 ,,,,,,
4,$55.00 ,,,,,,
4,$90.00 ,,,,,,
4,$25.00 ,,,,,,
4,$175.00 ,,,,,,
4,$300.00 ,,,,,,
4,$80.00 ,,,,,,
4,$169.00 ,,,,,,
4,$69.00 ,,,,,,
4,$60.00 ,,,,,,
4,$65.00 ,,,,,,
4,$55.00 ,,,,,,
4,$65.00 ,,,,,,
4,$220.00 ,,,,,,
4,$109.00 ,,,,,,
4,$35.00 ,,,,,,
4,$110.00 ,,,,,,
4,$45.00 ,,,,,,
4,$150.00 ,,,,,,
4,$55.00 ,,,,,,
4,$100.00 ,,,,,,
4,$120.00 ,,,,,,
4,$59.00 ,,,,,,
4,$98.00 ,,,,,,
4,$28.00 ,,,,,,
4,$55.00 ,,,,,,
4,$60.00 ,,,,,,
4,$525.00 ,,,,,,
4,$80.00 ,,,,,,
4,$65.00 ,,,,,,
4,$180.00 ,,,,,,
4,$130.00 ,,,,,,
4,$59.00 ,,,,,,
4,$175.00 ,,,,,,
4,$145.00 ,,,,,,
4,$49.00 ,,,,,,
4,$70.00 ,,,,,,
4,$155.00 ,,,,,,
4,$250.00 ,,,,,,
4,$80.00 ,,,,,,
4,$69.00 ,,,,,,
4,$212.00 ,,,,,,
4,$100.00 ,,,,,,
4,$75.00 ,,,,,,
4,$139.00 ,,,,,,
4,$115.00 ,,,,,,
4,$100.00 ,,,,,,
4,$152.00 ,,,,,,
4,$95.00 ,,,,,,
4,$105.00 ,,,,,,
4,$65.00 ,,,,,,
4,$105.00 ,,,,,,
4,$49.00 ,,,,,,
4,$110.00 ,,,,,,
4,$95.00 ,,,,,,
4,$70.00 ,,,,,,
4,$60.00 ,,,,,,
4,$150.00 ,,,,,,
4,$60.00 ,,,,,,
4,$65.00 ,,,,,,
4,$50.00 ,,,,,,
4,$80.00 ,,,,,,
4,$96.00 ,,,,,,
4,$115.00 ,,,,,,
4,$38.00 ,,,,,,
4,$125.00 ,,,,,,
4,$180.00 ,,,,,,
4,$99.00 ,,,,,,
4,$39.00 ,,,,,,
4,$150.00 ,,,,,,
4,$150.00 ,,,,,,
4,$165.00 ,,,,,,
4,$60.00 ,,,,,,
4,$75.00 ,,,,,,
4,$165.00 ,,,,,,
4,$300.00 ,,,,,,
4,$158.00 ,,,,,,
4,$99.00 ,,,,,,
4,$105.00 ,,,,,,
4,$180.00 ,,,,,,
4,$200.00 ,,,,,,
4,$149.00 ,,,,,,
4,$232.00 ,,,,,,
4,$67.00 ,,,,,,
4,$210.00 ,,,,,,
4,$400.00 ,,,,,,
4,$400.00 ,,,,,,
4,$65.00 ,,,,,,
4,$250.00 ,,,,,,
5,$700.00 ,,,,,,
5,$222.00 ,,,,,,
5,$348.00 ,,,,,,
5,$465.00 ,,,,,,
5,$175.00 ,,,,,,
5,$115.00 ,,,,,,
5,$135.00 ,,,,,,
5,$80.00 ,,,,,,
5,$130.00 ,,,,,,
5,$150.00 ,,,,,,
5,$219.00 ,,,,,,
5,$91.00 ,,,,,,
5,$199.00 ,,,,,,
5,$209.00 ,,,,,,
5,$575.00 ,,,,,,
5,$250.00 ,,,,,,
5,$215.00 ,,,,,,
5,$85.00 ,,,,,,
5,$40.00 ,,,,,,
5,$200.00 ,,,,,,
5,$85.00 ,,,,,,
5,$100.00 ,,,,,,
5,$235.00 ,,,,,,
5,$55.00 ,,,,,,
5,$140.00 ,,,,,,
5,$550.00 ,,,,,,
5,$110.00 ,,,,,,
5,$85.00 ,,,,,,
5,$73.00 ,,,,,,
5,$105.00 ,,,,,,
5,$250.00 ,,,,,,
5,$130.00 ,,,,,,
5,$85.00 ,,,,,,
5,$135.00 ,,,,,,
5,$163.00 ,,,,,,
5,$149.00 ,,,,,,
5,$199.00 ,,,,,,
5,$200.00 ,,,,,,
5,$899.00 ,,,,,,
5,$139.00 ,,,,,,
5,$175.00 ,,,,,,
5,$193.00 ,,,,,,
5,$165.00 ,,,,,,
5,$75.00 ,,,,,,
5,$139.00 ,,,,,,
5,$197.00 ,,,,,,
5,$110.00 ,,,,,,
5,$135.00 ,,,,,,
5,$144.00 ,,,,,,
5,$115.00 ,,,,,,
5,$165.00 ,,,,,,
5,$42.00 ,,,,,,
5,$125.00 ,,,,,,
5,$75.00 ,,,,,,
5,$49.00 ,,,,,,
5,$75.00 ,,,,,,
5,$150.00 ,,,,,,
5,$51.00 ,,,,,,
5,$95.00 ,,,,,,
5,$170.00 ,,,,,,
5,$85.00 ,,,,,,
5,$175.00 ,,,,,,
5,$299.00 ,,,,,,
5,$50.00 ,,,,,,
5,$105.00 ,,,,,,
5,$63.00 ,,,,,,
5,$99.00 ,,,,,,
5,$95.00 ,,,,,,
5,$95.00 ,,,,,,
5,$45.00 ,,,,,,
5,$120.00 ,,,,,,
5,$135.00 ,,,,,,
5,$160.00 ,,,,,,
5,$400.00 ,,,,,,
5,$120.00 ,,,,,,
5,$110.00 ,,,,,,
5,$99.00 ,,,,,,
5,$79.00 ,,,,,,
5,$53.00 ,,,,,,
5,$150.00 ,,,,,,
5,$75.00 ,,,,,,
5,$198.00 ,,,,,,
5,$98.00 ,,,,,,
5,$200.00 ,,,,,,
5,$82.00 ,,,,,,
5,$95.00 ,,,,,,
5,$65.00 ,,,,,,
5,$91.00 ,,,,,,
5,$43.00 ,,,,,,
5,$150.00 ,,,,,,
5,$225.00 ,,,,,,
5,$89.00 ,,,,,,
5,$75.00 ,,,,,,
5,$120.00 ,,,,,,
5,$190.00 ,,,,,,
5,$145.00 ,,,,,,
5,$160.00 ,,,,,,
5,$92.00 ,,,,,,
5,$125.00 ,,,,,,
5,$78.00 ,,,,,,
5,$375.00 ,,,,,,
5,$88.00 ,,,,,,
5,$112.00 ,,,,,,
5,$950.00 ,,,,,,
5,$200.00 ,,,,,,
5,$125.00 ,,,,,,
5,$75.00 ,,,,,,
5,$129.00 ,,,,,,
5,$109.00 ,,,,,,
5,$100.00 ,,,,,,
5,$200.00 ,,,,,,
5,$120.00 ,,,,,,
5,$125.00 ,,,,,,
5,$45.00 ,,,,,,
5,$125.00 ,,,,,,
5,$43.00 ,,,,,,
5,$125.00 ,,,,,,
5,$99.00 ,,,,,,
5,$80.00 ,,,,,,
5,$65.00 ,,,,,,
5,$154.00 ,,,,,,
6,$300.00 ,,,,,,
6,$125.00 ,,,,,,
6,$100.00 ,,,,,,
6,$350.00 ,,,,,,
6,$94.00 ,,,,,,
6,$680.00 ,,,,,,
6,$40.00 ,,,,,,
6,$150.00 ,,,,,,
6,$40.00 ,,,,,,
6,$100.00 ,,,,,,
6,$40.00 ,,,,,,
6,$210.00 ,,,,,,
6,$445.00 ,,,,,,
6,$348.00 ,,,,,,
6,$179.00 ,,,,,,
6,$300.00 ,,,,,,
6,$85.00 ,,,,,,
6,$325.00 ,,,,,,
6,$95.00 ,,,,,,
6,$75.00 ,,,,,,
6,$73.00 ,,,,,,
6,$109.00 ,,,,,,
6,$66.00 ,,,,,,
6,$500.00 ,,,,,,
6,$41.00 ,,,,,,
6,$90.00 ,,,,,,
6,$40.00 ,,,,,,
6,$225.00 ,,,,,,
6,$120.00 ,,,,,,
6,$75.00 ,,,,,,
6,$150.00 ,,,,,,
6,$149.00 ,,,,,,
6,$179.00 ,,,,,,
6,$110.00 ,,,,,,
6,$100.00 ,,,,,,
6,$134.00 ,,,,,,
6,$183.00 ,,,,,,
6,$45.00 ,,,,,,
6,$105.00 ,,,,,,
6,$95.00 ,,,,,,
6,$229.00 ,,,,,,
6,$148.00 ,,,,,,
6,$300.00 ,,,,,,
6,$89.00 ,,,,,,
6,$142.00 ,,,,,,
6,$187.00 ,,,,,,
6,$171.00 ,,,,,,
6,$187.00 ,,,,,,
6,$114.00 ,,,,,,
6,$127.00 ,,,,,,
6,$105.00 ,,,,,,
6,$100.00 ,,,,,,
6,$77.00 ,,,,,,
6,$100.00 ,,,,,,
6,$89.00 ,,,,,,
6,$125.00 ,,,,,,
6,$54.00 ,,,,,,
6,$120.00 ,,,,,,
6,$85.00 ,,,,,,
6,$300.00 ,,,,,,
6,$34.00 ,,,,,,
6,$95.00 ,,,,,,
6,$215.00 ,,,,,,
6,$270.00 ,,,,,,
6,$87.00 ,,,,,,
6,$40.00 ,,,,,,
6,$100.00 ,,,,,,
6,$90.00 ,,,,,,
6,$125.00 ,,,,,,
6,$85.00 ,,,,,,
6,$90.00 ,,,,,,
6,$94.00 ,,,,,,
6,$67.00 ,,,,,,
6,$35.00 ,,,,,,
6,$125.00 ,,,,,,
6,$80.00 ,,,,,,
6,$55.00 ,,,,,,
6,$260.00 ,,,,,,
6,$175.00 ,,,,,,
6,$65.00 ,,,,,,
6,$120.00 ,,,,,,
6,$114.00 ,,,,,,
6,$75.00 ,,,,,,
6,$115.00 ,,,,,,
6,$69.00 ,,,,,,
6,$93.00 ,,,,,,
6,$69.00 ,,,,,,
6,$200.00 ,,,,,,
6,$95.00 ,,,,,,
6,$90.00 ,,,,,,
6,$69.00 ,,,,,,
6,$129.00 ,,,,,,
6,$159.00 ,,,,,,
6,$100.00 ,,,,,,
6,$130.00 ,,,,,,
6,$99.00 ,,,,,,
6,$190.00 ,,,,,,
6,$50.00 ,,,,,,
6,$95.00 ,,,,,,
6,$60.00 ,,,,,,
6,$50.00 ,,,,,,
6,$85.00 ,,,,,,
6,$150.00 ,,,,,,
6,$165.00 ,,,,,,
6,$99.00 ,,,,,,
6,$285.00 ,,,,,,
6,$104.00 ,,,,,,
6,$40.00 ,,,,,,
6,$135.00 ,,,,,,
6,$85.00 ,,,,,,
6,$235.00 ,,,,,,
6,$165.00 ,,,,,,
7,$45.00 ,,,,,,
7,$150.00 ,,,,,,
7,$55.00 ,,,,,,
7,$35.00 ,,,,,,
7,$110.00 ,,,,,,
7,$165.00 ,,,,,,
7,$200.00 ,,,,,,
7,$75.00 ,,,,,,
7,$65.00 ,,,,,,
7,$40.00 ,,,,,,
7,$40.00 ,,,,,,
7,$75.00 ,,,,,,
7,$180.00 ,,,,,,
7,$116.00 ,,,,,,
7,$190.00 ,,,,,,
7,$60.00 ,,,,,,
7,$250.00 ,,,,,,
7,$95.00 ,,,,,,
7,$85.00 ,,,,,,
7,$78.00 ,,,,,,
7,$145.00 ,,,,,,
7,$95.00 ,,,,,,
7,$110.00 ,,,,,,
7,$350.00 ,,,,,,
7,$150.00 ,,,,,,
7,$65.00 ,,,,,,
7,$129.00 ,,,,,,
7,$250.00 ,,,,,,
7,$115.00 ,,,,,,
7,$76.00 ,,,,,,
7,$311.00 ,,,,,,
7,$91.00 ,,,,,,
7,$550.00 ,,,,,,
7,$200.00 ,,,,,,
7,$90.00 ,,,,,,
7,$189.00 ,,,,,,
7,$183.00 ,,,,,,
7,$156.00 ,,,,,,
7,$117.00 ,,,,,,
7,$103.00 ,,,,,,
7,$85.00 ,,,,,,
7,$100.00 ,,,,,,
7,$150.00 ,,,,,,
7,$100.00 ,,,,,,
7,$250.00 ,,,,,,
7,$120.00 ,,,,,,
7,$495.00 ,,,,,,
7,$75.00 ,,,,,,
7,$235.00 ,,,,,,
7,$199.00 ,,,,,,
7,$177.00 ,,,,,,
7,$79.00 ,,,,,,
7,$120.00 ,,,,,,
7,$295.00 ,,,,,,
7,$45.00 ,,,,,,
7,$75.00 ,,,,,,
7,$195.00 ,,,,,,
7,$199.00 ,,,,,,
7,$90.00 ,,,,,,
7,$50.00 ,,,,,,
7,$139.00 ,,,,,,
7,$126.00 ,,,,,,
7,$70.00 ,,,,,,
7,$85.00 ,,,,,,
7,$250.00 ,,,,,,
7,$109.00 ,,,,,,
7,$100.00 ,,,,,,
7,$250.00 ,,,,,,
7,$100.00 ,,,,,,
7,$119.00 ,,,,,,
7,$69.00 ,,,,,,
7,$48.00 ,,,,,,
7,$150.00 ,,,,,,
7,$120.00 ,,,,,,
7,$49.00 ,,,,,,
7,$140.00 ,,,,,,
7,$100.00 ,,,,,,
7,$150.00 ,,,,,,
7,$50.00 ,,,,,,
7,$68.00 ,,,,,,
7,$35.00 ,,,,,,
7,$209.00 ,,,,,,
7,$200.00 ,,,,,,
7,$200.00 ,,,,,,
7,$115.00 ,,,,,,
7,$275.00 ,,,,,,
7,$75.00 ,,,,,,
7,$98.00 ,,,,,,
7,$250.00 ,,,,,,
7,$87.00 ,,,,,,
7,$189.00 ,,,,,,
7,$70.00 ,,,,,,
7,$70.00 ,,,,,,
7,$29.00 ,,,,,,
7,$125.00 ,,,,,,
7,$120.00 ,,,,,,
7,$125.00 ,,,,,,
7,$125.00 ,,,,,,
7,$135.00 ,,,,,,
7,$67.00 ,,,,,,
7,$95.00 ,,,,,,
7,$55.00 ,,,,,,
7,$115.00 ,,,,,,
7,$65.00 ,,,,,,
7,$109.00 ,,,,,,
8,$90.00 ,,,,,,
8,$99.00 ,,,,,,
8,$450.00 ,,,,,,
8,$175.00 ,,,,,,
8,$69.00 ,,,,,,
8,$70.00 ,,,,,,
8,$600.00 ,,,,,,
8,$140.00 ,,,,,,
8,$84.00 ,,,,,,
8,$400.00 ,,,,,,
8,$88.00 ,,,,,,
8,$95.00 ,,,,,,
8,$90.00 ,,,,,,
8,$120.00 ,,,,,,
8,$45.00 ,,,,,,
8,$150.00 ,,,,,,
8,$85.00 ,,,,,,
8,$150.00 ,,,,,,
8,$150.00 ,,,,,,
8,$60.00 ,,,,,,
8,$105.00 ,,,,,,
8,$105.00 ,,,,,,
8,$108.00 ,,,,,,
8,$85.00 ,,,,,,
8,$200.00 ,,,,,,
8,$91.00 ,,,,,,
8,$75.00 ,,,,,,
8,$149.00 ,,,,,,
8,$245.00 ,,,,,,
8,$119.00 ,,,,,,
8,$99.00 ,,,,,,
8,$250.00 ,,,,,,
8,$140.00 ,,,,,,
8,$153.00 ,,,,,,
8,$249.00 ,,,,,,
8,$129.00 ,,,,,,
8,$200.00 ,,,,,,
8,$101.00 ,,,,,,
8,$45.00 ,,,,,,
8,$99.00 ,,,,,,
8,$70.00 ,,,,,,
8,$45.00 ,,,,,,
8,$150.00 ,,,,,,
8,$74.00 ,,,,,,
8,$45.00 ,,,,,,
8,$28.00 ,,,,,,
8,$95.00 ,,,,,,
8,$175.00 ,,,,,,
8,$85.00 ,,,,,,
8,$150.00 ,,,,,,
8,$135.00 ,,,,,,
8,$100.00 ,,,,,,
8,$159.00 ,,,,,,
8,$125.00 ,,,,,,
8,$140.00 ,,,,,,
8,$97.00 ,,,,,,
8,$160.00 ,,,,,,
8,$180.00 ,,,,,,
8,$49.00 ,,,,,,
8,$90.00 ,,,,,,
8,$125.00 ,,,,,,
8,$80.00 ,,,,,,
8,$175.00 ,,,,,,
8,$99.00 ,,,,,,
8,$240.00 ,,,,,,
8,$60.00 ,,,,,,
8,$215.00 ,,,,,,
8,$45.00 ,,,,,,
8,$225.00 ,,,,,,
8,$150.00 ,,,,,,
8,$78.00 ,,,,,,
8,$260.00 ,,,,,,
9,$148.00 ,,,,,,
9,$150.00 ,,,,,,
9,$170.00 ,,,,,,
9,$150.00 ,,,,,,
9,$75.00 ,,,,,,
9,$350.00 ,,,,,,
9,$122.00 ,,,,,,
9,$150.00 ,,,,,,
9,$775.00 ,,,,,,
9,$98.00 ,,,,,,
9,$98.00 ,,,,,,
9,$63.00 ,,,,,,
9,$43.00 ,,,,,,
9,$90.00 ,,,,,,
9,$90.00 ,,,,,,
9,$100.00 ,,,,,,
9,$90.00 ,,,,,,
9,$199.00 ,,,,,,
9,$90.00 ,,,,,,
9,$85.00 ,,,,,,
9,$75.00 ,,,,,,
9,$125.00 ,,,,,,
9,$125.00 ,,,,,,
9,$225.00 ,,,,,,
9,$95.00 ,,,,,,
9,$197.00 ,,,,,,
9,$215.00 ,,,,,,
9,$175.00 ,,,,,,
9,$181.00 ,,,,,,
9,$68.00 ,,,,,,
9,$199.00 ,,,,,,
9,$365.00 ,,,,,,
9,$99.00 ,,,,,,
9,$115.00 ,,,,,,
9,$99.00 ,,,,,,
9,$85.00 ,,,,,,
9,$66.00 ,,,,,,
9,$110.00 ,,,,,,
9,$75.00 ,,,,,,
9,$38.00 ,,,,,,
9,$70.00 ,,,,,,
9,$150.00 ,,,,,,
9,$150.00 ,,,,,,
9,$95.00 ,,,,,,
9,$70.00 ,,,,,,
9,$80.00 ,,,,,,
9,$35.00 ,,,,,,
9,$250.00 ,,,,,,
9,$119.00 ,,,,,,
9,$80.00 ,,,,,,
9,$90.00 ,,,,,,
9,$52.00 ,,,,,,
9,$82.00 ,,,,,,
9,$65.00 ,,,,,,
9,$78.00 ,,,,,,
9,$81.00 ,,,,,,
9,$175.00 ,,,,,,
9,$80.00 ,,,,,,
9,$115.00 ,,,,,,
9,$119.00 ,,,,,,
9,$60.00 ,,,,,,
9,$65.00 ,,,,,,
9,$100.00 ,,,,,,
9,$80.00 ,,,,,,
9,$145.00 ,,,,,,
9,$85.00 ,,,,,,
9,$125.00 ,,,,,,
9,$109.00 ,,,,,,
9,$250.00 ,,,,,,
9,$180.00 ,,,,,,
9,$70.00 ,,,,,,
9,$80.00 ,,,,,,
9,$150.00 ,,,,,,
9,$115.00 ,,,,,,
9,$85.00 ,,,,,,
9,$125.00 ,,,,,,
9,$185.00 ,,,,,,
10,$80.00 ,,,,,,
10,$126.00 ,,,,,,
10,$225.00 ,,,,,,
10,$49.00 ,,,,,,
10,$180.00 ,,,,,,
10,$145.00 ,,,,,,
10,$160.00 ,,,,,,
10,$99.00 ,,,,,,
10,$85.00 ,,,,,,
10,$89.00 ,,,,,,
10,$115.00 ,,,,,,
10,$80.00 ,,,,,,
10,$150.00 ,,,,,,
10,$99.00 ,,,,,,
10,$110.00 ,,,,,,
10,$145.00 ,,,,,,
10,$250.00 ,,,,,,
10,$125.00 ,,,,,,
10,$67.00 ,,,,,,
10,$155.00 ,,,,,,
10,$220.00 ,,,,,,
10,$79.00 ,,,,,,
10,$50.00 ,,,,,,
10,$250.00 ,,,,,,
10,$170.00 ,,,,,,
10,$138.00 ,,,,,,
10,$100.00 ,,,,,,
10,$143.00 ,,,,,,
10,$195.00 ,,,,,,
10,$230.00 ,,,,,,
10,$280.00 ,,,,,,
10,$139.00 ,,,,,,
10,$104.00 ,,,,,,
10,$110.00 ,,,,,,
10,$145.00 ,,,,,,
10,$120.00 ,,,,,,
10,$85.00 ,,,,,,
10,$350.00 ,,,,,,
10,$300.00 ,,,,,,
10,$100.00 ,,,,,,
10,$225.00 ,,,,,,
10,$75.00 ,,,,,,
10,$125.00 ,,,,,,
10,$75.00 ,,,,,,
10,$65.00 ,,,,,,
10,$60.00 ,,,,,,
10,$49.00 ,,,,,,
10,$55.00 ,,,,,,
10,$135.00 ,,,,,,
10,$38.00 ,,,,,,
10,$196.00 ,,,,,,
10,$257.00 ,,,,,,
10,$200.00 ,,,,,,
10,$210.00 ,,,,,,
10,$79.00 ,,,,,,
10,$55.00 ,,,,,,
10,$182.00 ,,,,,,
10,$100.00 ,,,,,,
10,$90.00 ,,,,,,
10,$69.00 ,,,,,,
10,$49.00 ,,,,,,
10,$100.00 ,,,,,,
10,$69.00 ,,,,,,
10,$55.00 ,,,,,,
10,$435.00 ,,,,,,
10,$175.00 ,,,,,,
10,$55.00 ,,,,,,
10,$240.00 ,,,,,,
10,$105.00 ,,,,,,
10,$95.00 ,,,,,,
10,$119.00 ,,,,,,
10,$220.00 ,,,,,,
10,$100.00 ,,,,,,
10,$50.00 ,,,,,,
10,$87.00 ,,,,,,
10,$325.00 ,,,,,,
10,$135.00 ,,,,,,
10,$53.00 ,,,,,,
10,$99.00 ,,,,,,
10,$99.00 ,,,,,,
10,$200.00 ,,,,,,
10,$200.00 ,,,,,,
10,$100.00 ,,,,,,
10,$120.00 ,,,,,,
11,$99.00 ,,,,,,
11,$80.00 ,,,,,,
11,$85.00 ,,,,,,
11,$156.00 ,,,,,,
11,$200.00 ,,,,,,
11,$149.00 ,,,,,,
11,$90.00 ,,,,,,
11,$75.00 ,,,,,,
11,$439.00 ,,,,,,
11,$95.00 ,,,,,,
11,$89.00 ,,,,,,
11,$55.00 ,,,,,,
11,$59.00 ,,,,,,
11,$122.00 ,,,,,,
11,$225.00 ,,,,,,
11,$125.00 ,,,,,,
11,$58.00 ,,,,,,
11,$85.00 ,,,,,,
11,$50.00 ,,,,,,
11,$115.00 ,,,,,,
11,$43.00 ,,,,,,
11,$95.00 ,,,,,,
11,$83.00 ,,,,,,
11,$81.00 ,,,,,,
11,$125.00 ,,,,,,
11,$125.00 ,,,,,,
11,$99.00 ,,,,,,
11,$150.00 ,,,,,,
11,$165.00 ,,,,,,
11,$99.00 ,,,,,,
11,$82.00 ,,,,,,
11,$110.00 ,,,,,,
11,$143.00 ,,,,,,
11,$276.00 ,,,,,,
11,$275.00 ,,,,,,
11,$90.00 ,,,,,,
11,$139.00 ,,,,,,
11,$66.00 ,,,,,,
11,$145.00 ,,,,,,
11,$95.00 ,,,,,,
11,$100.00 ,,,,,,
11,$135.00 ,,,,,,
11,$60.00 ,,,,,,
11,$99.00 ,,,,,,
11,$138.00 ,,,,,,
11,$85.00 ,,,,,,
11,$34.00 ,,,,,,
11,$120.00 ,,,,,,
11,$65.00 ,,,,,,
11,$55.00 ,,,,,,
11,$65.00 ,,,,,,
11,$85.00 ,,,,,,
11,$49.00 ,,,,,,
11,$132.00 ,,,,,,
11,$100.00 ,,,,,,
11,$149.00 ,,,,,,
11,$110.00 ,,,,,,
11,$240.00 ,,,,,,
11,$150.00 ,,,,,,
11,$100.00 ,,,,,,
11,$54.00 ,,,,,,
11,$93.00 ,,,,,,
11,$85.00 ,,,,,,
11,$190.00 ,,,,,,
11,$85.00 ,,,,,,
11,$62.00 ,,,,,,
11,$150.00 ,,,,,,
11,$228.00 ,,,,,,
11,$70.00 ,,,,,,
11,$59.00 ,,,,,,
11,$125.00 ,,,,,,
11,$115.00 ,,,,,,
11,$76.00 ,,,,,,
11,$85.00 ,,,,,,
12,$129.00 ,,,,,,
12,$110.00 ,,,,,,
12,$85.00 ,,,,,,
12,$435.00 ,,,,,,
12,$749.00 ,,,,,,
12,$125.00 ,,,,,,
12,$126.00 ,,,,,,
12,$70.00 ,,,,,,
12,$100.00 ,,,,,,
12,$89.00 ,,,,,,
12,$265.00 ,,,,,,
12,$65.00 ,,,,,,
12,$50.00 ,,,,,,
12,$200.00 ,,,,,,
12,$43.00 ,,,,,,
12,$75.00 ,,,,,,
12,$85.00 ,,,,,,
12,$88.00 ,,,,,,
12,$60.00 ,,,,,,
12,$55.00 ,,,,,,
12,$69.00 ,,,,,,
12,$220.00 ,,,,,,
12,$175.00 ,,,,,,
12,$150.00 ,,,,,,
12,$197.00 ,,,,,,
12,$99.00 ,,,,,,
12,$175.00 ,,,,,,
12,$165.00 ,,,,,,
12,$129.00 ,,,,,,
12,$150.00 ,,,,,,
12,$130.00 ,,,,,,
12,$125.00 ,,,,,,
12,$115.00 ,,,,,,
12,$125.00 ,,,,,,
12,$215.00 ,,,,,,
12,$78.00 ,,,,,,
12,$75.00 ,,,,,,
12,$105.00 ,,,,,,
12,$65.00 ,,,,,,
12,$136.00 ,,,,,,
12,$150.00 ,,,,,,
12,$129.00 ,,,,,,
12,$39.00 ,,,,,,
12,$57.00 ,,,,,,
12,$37.00 ,,,,,,
12,$34.00 ,,,,,,
12,$35.00 ,,,,,,
12,$95.00 ,,,,,,
12,$75.00 ,,,,,,
12,$109.00 ,,,,,,
12,$42.00 ,,,,,,
12,$40.00 ,,,,,,
12,$325.00 ,,,,,,
12,$109.00 ,,,,,,
12,$115.00 ,,,,,,
12,$122.00 ,,,,,,
12,$100.00 ,,,,,,
12,$110.00 ,,,,,,
12,$100.00 ,,,,,,
12,$129.00 ,,,,,,
12,$100.00 ,,,,,,
12,$110.00 ,,,,,,
12,$220.00 ,,,,,,
12,$150.00 ,,,,,,
12,$250.00 ,,,,,,
12,$110.00 ,,,,,,
12,$498.00 ,,,,,,
12,$75.00 ,,,,,,
12,$108.00 ,,,,,,
12,$70.00 ,,,,,,
12,$175.00 ,,,,,,
12,$99.00 ,,,,,,
12,$110.00 ,,,,,,
12,$90.00 ,,,,,,
12,$75.00 ,,,,,,
12,$145.00 ,,,,,,
12,$80.00 ,,,,,,
12,$97.00 ,,,,,,
12,$82.00 ,,,,,,
12,$149.00 ,,,,,,
12,$125.00 ,,,,,,
13,$245.00 ,,,,,,
13,$338.00 ,,,,,,
13,$350.00 ,,,,,,
13,$115.00 ,,,,,,
13,$199.00 ,,,,,,
13,$80.00 ,,,,,,
13,$105.00 ,,,,,,
13,$95.00 ,,,,,,
13,$97.00 ,,,,,,
13,$111.00 ,,,,,,
13,$130.00 ,,,,,,
13,$110.00 ,,,,,,
13,$175.00 ,,,,,,
13,$95.00 ,,,,,,
13,$85.00 ,,,,,,
13,$100.00 ,,,,,,
13,$175.00 ,,,,,,
13,$90.00 ,,,,,,
13,$140.00 ,,,,,,
13,$125.00 ,,,,,,
13,$135.00 ,,,,,,
13,$127.00 ,,,,,,
13,$170.00 ,,,,,,
13,$150.00 ,,,,,,
13,$80.00 ,,,,,,
13,$174.00 ,,,,,,
13,$195.00 ,,,,,,
13,$119.00 ,,,,,,
13,$65.00 ,,,,,,
13,$98.00 ,,,,,,
13,$60.00 ,,,,,,
13,$55.00 ,,,,,,
13,$70.00 ,,,,,,
13,$95.00 ,,,,,,
13,$37.00 ,,,,,,
13,$105.00 ,,,,,,
13,$750.00 ,,,,,,
13,$160.00 ,,,,,,
13,$259.00 ,,,,,,
13,$185.00 ,,,,,,
13,$225.00 ,,,,,,
13,$105.00 ,,,,,,
13,$79.00 ,,,,,,
13,$45.00 ,,,,,,
13,$115.00 ,,,,,,
13,$86.00 ,,,,,,
13,$120.00 ,,,,,,
13,$189.00 ,,,,,,
13,$97.00 ,,,,,,
13,$125.00 ,,,,,,
13,$250.00 ,,,,,,
13,$64.00 ,,,,,,
13,$77.00 ,,,,,,
13,$70.00 ,,,,,,
13,$250.00 ,,,,,,
13,$49.00 ,,,,,,
13,$125.00 ,,,,,,
13,$140.00 ,,,,,,
13,$125.00 ,,,,,,
13,$88.00 ,,,,,,
13,$80.00 ,,,,,,
13,$100.00 ,,,,,,
14,$145.00 ,,,,,,
14,$52.00 ,,,,,,
14,$499.00 ,,,,,,
14,$130.00 ,,,,,,
14,$60.00 ,,,,,,
14,$150.00 ,,,,,,
14,$140.00 ,,,,,,
14,$335.00 ,,,,,,
14,$129.00 ,,,,,,
14,$65.00 ,,,,,,
14,$41.00 ,,,,,,
14,$65.00 ,,,,,,
14,$44.00 ,,,,,,
14,$85.00 ,,,,,,
14,$115.00 ,,,,,,
14,$47.00 ,,,,,,
14,$75.00 ,,,,,,
14,$105.00 ,,,,,,
14,$59.00 ,,,,,,
14,$105.00 ,,,,,,
14,$115.00 ,,,,,,
14,$275.00 ,,,,,,
14,$157.00 ,,,,,,
14,$99.00 ,,,,,,
14,$59.00 ,,,,,,
14,$225.00 ,,,,,,
14,$155.00 ,,,,,,
14,$140.00 ,,,,,,
14,$80.00 ,,,,,,
14,$150.00 ,,,,,,
14,$175.00 ,,,,,,
14,$78.00 ,,,,,,
14,$195.00 ,,,,,,
14,$174.00 ,,,,,,
14,$65.00 ,,,,,,
14,$50.00 ,,,,,,
14,$110.00 ,,,,,,
14,$125.00 ,,,,,,
14,$129.00 ,,,,,,
14,$105.00 ,,,,,,
14,$50.00 ,,,,,,
14,$165.00 ,,,,,,
14,$126.00 ,,,,,,
14,$79.00 ,,,,,,
14,$59.00 ,,,,,,
14,$99.00 ,,,,,,
14,$75.00 ,,,,,,
14,$159.00 ,,,,,,
14,$65.00 ,,,,,,
14,$55.00 ,,,,,,
14,$60.00 ,,,,,,
14,$65.00 ,,,,,,
14,$93.00 ,,,,,,
14,$49.00 ,,,,,,
14,$90.00 ,,,,,,
14,$55.00 ,,,,,,
14,$47.00 ,,,,,,
14,$90.00 ,,,,,,
14,$150.00 ,,,,,,
14,$61.00 ,,,,,,
14,$150.00 ,,,,,,
14,$63.00 ,,,,,,
14,$60.00 ,,,,,,
14,$60.00 ,,,,,,
14,$39.00 ,,,,,,
14,$200.00 ,,,,,,
14,$89.00 ,,,,,,
14,$65.00 ,,,,,,
14,$350.00 ,,,,,,
14,$55.00 ,,,,,,
14,$200.00 ,,,,,,
14,$151.00 ,,,,,,
14,$55.00 ,,,,,,
14,$250.00 ,,,,,,
14,$30.00 ,,,,,,
14,$115.00 ,,,,,,
15,$224.00 ,,,,,,
15,$120.00 ,,,,,,
15,$85.00 ,,,,,,
15,$150.00 ,,,,,,
15,$104.00 ,,,,,,
15,$45.00 ,,,,,,
15,$160.00 ,,,,,,
15,$85.00 ,,,,,,
15,$98.00 ,,,,,,
15,$41.00 ,,,,,,
15,$145.00 ,,,,,,
15,$79.00 ,,,,,,
15,$59.00 ,,,,,,
15,$90.00 ,,,,,,
15,$125.00 ,,,,,,
15,$80.00 ,,,,,,
15,$375.00 ,,,,,,
15,$131.00 ,,,,,,
15,$127.00 ,,,,,,
15,$169.00 ,,,,,,
15,$128.00 ,,,,,,
15,$155.00 ,,,,,,
15,$139.00 ,,,,,,
15,$57.00 ,,,,,,
15,$59.00 ,,,,,,
15,$140.00 ,,,,,,
15,$89.00 ,,,,,,
15,$90.00 ,,,,,,
15,$69.00 ,,,,,,
15,$125.00 ,,,,,,
15,$35.00 ,,,,,,
15,$144.00 ,,,,,,
15,$69.00 ,,,,,,
15,$35.00 ,,,,,,
15,$95.00 ,,,,,,
15,$90.00 ,,,,,,
15,$110.00 ,,,,,,
15,$70.00 ,,,,,,
15,$115.00 ,,,,,,
15,$130.00 ,,,,,,
15,$80.00 ,,,,,,
15,$155.00 ,,,,,,
15,$45.00 ,,,,,,
15,$169.00 ,,,,,,
15,$85.00 ,,,,,,
15,$89.00 ,,,,,,
15,$99.00 ,,,,,,
15,$96.00 ,,,,,,
15,$125.00 ,,,,,,
15,$99.00 ,,,,,,
15,$239.00 ,,,,,,
15,$110.00 ,,,,,,
15,$56.00 ,,,,,,
15,$120.00 ,,,,,,
15,$80.00 ,,,,,,
15,$93.00 ,,,,,,
15,$55.00 ,,,,,,
15,$155.00 ,,,,,,
15,$90.00 ,,,,,,
15,$185.00 ,,,,,,
15,$105.00 ,,,,,,
15,$125.00 ,,,,,,
15,$104.00 ,,,,,,
15,$195.00 ,,,,,,
15,$85.00 ,,,,,,
16,$59.00 ,,,,,,
16,$65.00 ,,,,,,
16,$60.00 ,,,,,,
16,$125.00 ,,,,,,
16,$150.00 ,,,,,,
16,$55.00 ,,,,,,
16,$65.00 ,,,,,,
16,$110.00 ,,,,,,
16,$75.00 ,,,,,,
16,$158.00 ,,,,,,
16,$90.00 ,,,,,,
16,$119.00 ,,,,,,
16,$135.00 ,,,,,,
16,$59.00 ,,,,,,
16,$55.00 ,,,,,,
16,$30.00 ,,,,,,
16,$195.00 ,,,,,,
16,$245.00 ,,,,,,
16,$169.00 ,,,,,,
16,$99.00 ,,,,,,
16,$110.00 ,,,,,,
16,$85.00 ,,,,,,
16,$110.00 ,,,,,,
16,$75.00 ,,,,,,
16,$209.00 ,,,,,,
16,$180.00 ,,,,,,
16,$65.00 ,,,,,,
16,$90.00 ,,,,,,
16,$90.00 ,,,,,,
16,$85.00 ,,,,,,
16,$100.00 ,,,,,,
16,$85.00 ,,,,,,
16,$42.00 ,,,,,,
16,$63.00 ,,,,,,
16,$35.00 ,,,,,,
16,$67.00 ,,,,,,
16,$35.00 ,,,,,,
16,$90.00 ,,,,,,
16,$300.00 ,,,,,,
16,$115.00 ,,,,,,
16,$35.00 ,,,,,,
16,$39.00 ,,,,,,
16,$85.00 ,,,,,,
16,$100.00 ,,,,,,
16,$95.00 ,,,,,,
16,$71.00 ,,,,,,
16,$75.00 ,,,,,,
16,$68.00 ,,,,,,
16,$129.00 ,,,,,,
16,$75.00 ,,,,,,
16,$125.00 ,,,,,,
16,$80.00 ,,,,,,
16,$450.00 ,,,,,,
16,$31.00 ,,,,,,
16,$29.00 ,,,,,,
16,$68.00 ,,,,,,
16,$99.00 ,,,,,,
16,$90.00 ,,,,,,
16,$325.00 ,,,,,,
17,$120.00 ,,,,,,
17,$115.00 ,,,,,,
17,$109.00 ,,,,,,
17,$145.00 ,,,,,,
17,$68.00 ,,,,,,
17,$119.00 ,,,,,,
17,$95.00 ,,,,,,
17,$55.00 ,,,,,,
17,$115.00 ,,,,,,
17,$175.00 ,,,,,,
17,$275.00 ,,,,,,
17,$85.00 ,,,,,,
17,$79.00 ,,,,,,
17,$99.00 ,,,,,,
17,$68.00 ,,,,,,
17,$99.00 ,,,,,,
17,$145.00 ,,,,,,
17,$150.00 ,,,,,,
17,$175.00 ,,,,,,
17,$135.00 ,,,,,,
17,$240.00 ,,,,,,
17,$95.00 ,,,,,,
17,$69.00 ,,,,,,
17,$125.00 ,,,,,,
17,$139.00 ,,,,,,
17,$85.00 ,,,,,,
17,$55.00 ,,,,,,
17,$375.00 ,,,,,,
17,$148.00 ,,,,,,
17,$65.00 ,,,,,,
17,$130.00 ,,,,,,
17,$100.00 ,,,,,,
17,$750.00 ,,,,,,
17,$130.00 ,,,,,,
17,$115.00 ,,,,,,
17,$99.00 ,,,,,,
17,$119.00 ,,,,,,
17,$200.00 ,,,,,,
17,$60.00 ,,,,,,
17,$110.00 ,,,,,,
17,$65.00 ,,,,,,
17,$90.00 ,,,,,,
17,$100.00 ,,,,,,
17,$125.00 ,,,,,,
17,$30.00 ,,,,,,
17,$125.00 ,,,,,,
17,$200.00 ,,,,,,
17,$50.00 ,,,,,,
18,$461.00 ,,,,,,
18,$150.00 ,,,,,,
18,$53.00 ,,,,,,
18,$99.00 ,,,,,,
18,$74.00 ,,,,,,
18,$45.00 ,,,,,,
18,$88.00 ,,,,,,
18,$78.00 ,,,,,,
18,$70.00 ,,,,,,
18,$60.00 ,,,,,,
18,$37.00 ,,,,,,
18,$99.00 ,,,,,,
18,$90.00 ,,,,,,
18,$56.00 ,,,,,,
18,$64.00 ,,,,,,
18,$120.00 ,,,,,,
18,$120.00 ,,,,,,
18,$149.00 ,,,,,,
18,$110.00 ,,,,,,
18,$129.00 ,,,,,,
18,$142.00 ,,,,,,
18,$225.00 ,,,,,,
18,$156.00 ,,,,,,
18,$175.00 ,,,,,,
18,$70.00 ,,,,,,
18,$155.00 ,,,,,,
18,$165.00 ,,,,,,
18,$245.00 ,,,,,,
18,$100.00 ,,,,,,
18,$55.00 ,,,,,,
18,$56.00 ,,,,,,
18,$85.00 ,,,,,,
18,$99.00 ,,,,,,
18,$100.00 ,,,,,,
18,$69.00 ,,,,,,
18,$68.00 ,,,,,,
18,$42.00 ,,,,,,
18,$40.00 ,,,,,,
18,$95.00 ,,,,,,
18,$69.00 ,,,,,,
18,$110.00 ,,,,,,
18,$88.00 ,,,,,,
18,$125.00 ,,,,,,
18,$69.00 ,,,,,,
18,$159.00 ,,,,,,
18,$49.00 ,,,,,,
18,$49.00 ,,,,,,
18,$135.00 ,,,,,,
18,$375.00 ,,,,,,
18,$109.00 ,,,,,,
18,$33.00 ,,,,,,
18,$48.00 ,,,,,,
18,$45.00 ,,,,,,
18,$85.00 ,,,,,,
18,$95.00 ,,,,,,
18,$110.00 ,,,,,,
18,$33.00 ,,,,,,
18,$30.00 ,,,,,,
19,$125.00 ,,,,,,
19,$70.00 ,,,,,,
19,$70.00 ,,,,,,
19,$90.00 ,,,,,,
19,$80.00 ,,,,,,
19,$69.00 ,,,,,,
19,$38.00 ,,,,,,
19,$115.00 ,,,,,,
19,$172.00 ,,,,,,
19,$150.00 ,,,,,,
19,$110.00 ,,,,,,
19,$40.00 ,,,,,,
19,$151.00 ,,,,,,
19,$149.00 ,,,,,,
19,$325.00 ,,,,,,
19,$150.00 ,,,,,,
19,$75.00 ,,,,,,
19,$325.00 ,,,,,,
19,$129.00 ,,,,,,
19,$104.00 ,,,,,,
19,$109.00 ,,,,,,
19,$150.00 ,,,,,,
19,$36.00 ,,,,,,
19,$110.00 ,,,,,,
19,$550.00 ,,,,,,
19,$139.00 ,,,,,,
19,$139.00 ,,,,,,
19,$89.00 ,,,,,,
19,$174.00 ,,,,,,
19,$125.00 ,,,,,,
19,$55.00 ,,,,,,
19,$106.00 ,,,,,,
19,$140.00 ,,,,,,
19,$93.00 ,,,,,,
19,$75.00 ,,,,,,
19,$475.00 ,,,,,,
19,$29.00 ,,,,,,
19,$105.00 ,,,,,,
19,$100.00 ,,,,,,
19,$87.00 ,,,,,,
20,$975.00 ,,,,,,
20,$100.00 ,,,,,,
20,$55.00 ,,,,,,
20,$74.00 ,,,,,,
20,$70.00 ,,,,,,
20,$150.00 ,,,,,,
20,$125.00 ,,,,,,
20,$200.00 ,,,,,,
20,$109.00 ,,,,,,
20,$137.00 ,,,,,,
20,$95.00 ,,,,,,
20,$140.00 ,,,,,,
20,$183.00 ,,,,,,
20,$70.00 ,,,,,,
20,$100.00 ,,,,,,
20,$205.00 ,,,,,,
20,$135.00 ,,,,,,
20,$188.00 ,,,,,,
20,$139.00 ,,,,,,
20,$195.00 ,,,,,,
20,$90.00 ,,,,,,
20,$39.00 ,,,,,,
20,$165.00 ,,,,,,
20,$65.00 ,,,,,,
20,$80.00 ,,,,,,
20,$135.00 ,,,,,,
20,$48.00 ,,,,,,
20,$105.00 ,,,,,,
20,$75.00 ,,,,,,
20,$79.00 ,,,,,,
20,$50.00 ,,,,,,
20,$62.00 ,,,,,,
20,$110.00 ,,,,,,
20,$75.00 ,,,,,,
20,$50.00 ,,,,,,
20,$130.00 ,,,,,,
20,$65.00 ,,,,,,
20,$145.00 ,,,,,,
20,$78.00 ,,,,,,
20,$75.00 ,,,,,,
20,$27.00 ,,,,,,
20,$250.00 ,,,,,,
20,$31.00 ,,,,,,
20,$200.00 ,,,,,,
20,$350.00 ,,,,,,
21,$129.00 ,,,,,,
21,$139.00 ,,,,,,
21,$80.00 ,,,,,,
21,$88.00 ,,,,,,
21,$125.00 ,,,,,,
21,$300.00 ,,,,,,
21,$150.00 ,,,,,,
21,$220.00 ,,,,,,
21,$143.00 ,,,,,,
21,$135.00 ,,,,,,
21,$175.00 ,,,,,,
21,$109.00 ,,,,,,
21,$95.00 ,,,,,,
21,$150.00 ,,,,,,
21,$199.00 ,,,,,,
21,$50.00 ,,,,,,
21,$120.00 ,,,,,,
21,$67.00 ,,,,,,
21,$149.00 ,,,,,,
21,$60.00 ,,,,,,
21,$125.00 ,,,,,,
21,$80.00 ,,,,,,
21,$39.00 ,,,,,,
21,$41.00 ,,,,,,
21,$127.00 ,,,,,,
21,$94.00 ,,,,,,
21,$100.00 ,,,,,,
21,$125.00 ,,,,,,
21,$673.00 ,,,,,,
21,$100.00 ,,,,,,
21,$60.00 ,,,,,,
21,$375.00 ,,,,,,
21,$150.00 ,,,,,,
21,$50.00 ,,,,,,
21,$30.00 ,,,,,,
21,$86.00 ,,,,,,
21,$75.00 ,,,,,,
21,$75.00 ,,,,,,
21,$107.00 ,,,,,,
22,$225.00 ,,,,,,
22,$295.00 ,,,,,,
22,$200.00 ,,,,,,
22,$70.00 ,,,,,,
22,$85.00 ,,,,,,
22,$90.00 ,,,,,,
22,$320.00 ,,,,,,
22,$275.00 ,,,,,,
22,$107.00 ,,,,,,
22,$167.00 ,,,,,,
22,$115.00 ,,,,,,
22,$74.00 ,,,,,,
22,$175.00 ,,,,,,
22,$128.00 ,,,,,,
22,$65.00 ,,,,,,
22,$42.00 ,,,,,,
22,$110.00 ,,,,,,
22,$150.00 ,,,,,,
22,$90.00 ,,,,,,
22,$70.00 ,,,,,,
22,$50.00 ,,,,,,
22,$65.00 ,,,,,,
22,$65.00 ,,,,,,
22,$54.00 ,,,,,,
22,$59.00 ,,,,,,
22,$280.00 ,,,,,,
22,$129.00 ,,,,,,
22,$120.00 ,,,,,,
22,$64.00 ,,,,,,
22,$75.00 ,,,,,,
22,$98.00 ,,,,,,
22,$199.00 ,,,,,,
22,$70.00 ,,,,,,
22,$100.00 ,,,,,,
22,$104.00 ,,,,,,
22,$125.00 ,,,,,,
22,$85.00 ,,,,,,
22,$75.00 ,,,,,,
22,$55.00 ,,,,,,
22,$125.00 ,,,,,,
22,$65.00 ,,,,,,
22,$68.00 ,,,,,,
22,$90.00 ,,,,,,
23,$47.00 ,,,,,,
23,$375.00 ,,,,,,
23,$55.00 ,,,,,,
23,$130.00 ,,,,,,
23,$145.00 ,,,,,,
23,$40.00 ,,,,,,
23,$95.00 ,,,,,,
23,$35.00 ,,,,,,
23,$200.00 ,,,,,,
23,$106.00 ,,,,,,
23,$155.00 ,,,,,,
23,$147.00 ,,,,,,
23,$90.00 ,,,,,,
23,$100.00 ,,,,,,
23,$39.00 ,,,,,,
23,$63.00 ,,,,,,
23,$39.00 ,,,,,,
23,$189.00 ,,,,,,
23,$100.00 ,,,,,,
23,$325.00 ,,,,,,
23,$260.00 ,,,,,,
23,$140.00 ,,,,,,
23,$150.00 ,,,,,,
23,$265.00 ,,,,,,
23,$60.00 ,,,,,,
23,$125.00 ,,,,,,
23,$105.00 ,,,,,,
23,$139.00 ,,,,,,
23,$119.00 ,,,,,,
23,$75.00 ,,,,,,
23,$119.00 ,,,,,,
23,$50.00 ,,,,,,
23,$79.00 ,,,,,,
23,$65.00 ,,,,,,
23,$450.00 ,,,,,,
23,$59.00 ,,,,,,
23,$60.00 ,,,,,,
24,$80.00 ,,,,,,
24,$300.00 ,,,,,,
24,$490.00 ,,,,,,
24,$107.00 ,,,,,,
24,$140.00 ,,,,,,
24,$82.00 ,,,,,,
24,$175.00 ,,,,,,
24,$175.00 ,,,,,,
24,$135.00 ,,,,,,
24,$175.00 ,,,,,,
24,$250.00 ,,,,,,
24,$147.00 ,,,,,,
24,$66.00 ,,,,,,
24,$90.00 ,,,,,,
24,$104.00 ,,,,,,
24,$79.00 ,,,,,,
24,$58.00 ,,,,,,
24,$115.00 ,,,,,,
24,$103.00 ,,,,,,
24,$59.00 ,,,,,,
24,$59.00 ,,,,,,
24,$99.00 ,,,,,,
24,$120.00 ,,,,,,
24,$139.00 ,,,,,,
24,$105.00 ,,,,,,
24,$89.00 ,,,,,,
24,$53.00 ,,,,,,
24,$98.00 ,,,,,,
24,$155.00 ,,,,,,
24,$75.00 ,,,,,,
25,$120.00 ,,,,,,
25,$110.00 ,,,,,,
25,$65.00 ,,,,,,
25,$85.00 ,,,,,,
25,$119.00 ,,,,,,
25,$89.00 ,,,,,,
25,$150.00 ,,,,,,
25,$105.00 ,,,,,,
25,$80.00 ,,,,,,
25,$157.00 ,,,,,,
25,$220.00 ,,,,,,
25,$60.00 ,,,,,,
25,$46.00 ,,,,,,
25,$110.00 ,,,,,,
25,$105.00 ,,,,,,
25,$69.00 ,,,,,,
25,$100.00 ,,,,,,
25,$79.00 ,,,,,,
25,$45.00 ,,,,,,
25,$45.00 ,,,,,,
25,$150.00 ,,,,,,
25,$90.00 ,,,,,,
25,$90.00 ,,,,,,
25,$160.00 ,,,,,,
25,$295.00 ,,,,,,
25,$210.00 ,,,,,,
25,$195.00 ,,,,,,
25,$189.00 ,,,,,,
25,$295.00 ,,,,,,
25,$29.00 ,,,,,,
25,$90.00 ,,,,,,
25,$140.00 ,,,,,,
25,$45.00 ,,,,,,
25,$195.00 ,,,,,,
25,$149.00 ,,,,,,
26,$130.00 ,,,,,,
26,$150.00 ,,,,,,
26,$165.00 ,,,,,,
26,$175.00 ,,,,,,
26,$135.00 ,,,,,,
26,$60.00 ,,,,,,
26,$40.00 ,,,,,,
26,$299.00 ,,,,,,
26,$95.00 ,,,,,,
26,$183.00 ,,,,,,
26,$107.00 ,,,,,,
26,$175.00 ,,,,,,
26,$120.00 ,,,,,,
26,$350.00 ,,,,,,
26,$35.00 ,,,,,,
26,$165.00 ,,,,,,
26,$99.00 ,,,,,,
26,$53.00 ,,,,,,
26,$89.00 ,,,,,,
26,$95.00 ,,,,,,
26,$69.00 ,,,,,,
26,$70.00 ,,,,,,
26,$188.00 ,,,,,,
26,$65.00 ,,,,,,
26,$79.00 ,,,,,,
26,$360.00 ,,,,,,
26,$87.00 ,,,,,,
26,$55.00 ,,,,,,
26,$60.00 ,,,,,,
26,$135.00 ,,,,,,
26,$150.00 ,,,,,,
26,$84.00 ,,,,,,
26,$300.00 ,,,,,,
26,$39.00 ,,,,,,
27,$150.00 ,,,,,,
27,$110.00 ,,,,,,
27,$53.00 ,,,,,,
27,$55.00 ,,,,,,
27,$170.00 ,,,,,,
27,$120.00 ,,,,,,
27,$90.00 ,,,,,,
27,$79.00 ,,,,,,
27,$196.00 ,,,,,,
27,$60.00 ,,,,,,
27,$156.00 ,,,,,,
27,$113.00 ,,,,,,
27,$149.00 ,,,,,,
27,$170.00 ,,,,,,
27,$175.00 ,,,,,,
27,$100.00 ,,,,,,
27,$79.00 ,,,,,,
27,$38.00 ,,,,,,
27,$65.00 ,,,,,,
27,$80.00 ,,,,,,
27,$69.00 ,,,,,,
27,$70.00 ,,,,,,
27,$125.00 ,,,,,,
27,$165.00 ,,,,,,
27,$200.00 ,,,,,,
27,$39.00 ,,,,,,
27,$200.00 ,,,,,,
27,$200.00 ,,,,,,
27,$135.00 ,,,,,,
28,$99.00 ,,,,,,
28,$89.00 ,,,,,,
28,$180.00 ,,,,,,
28,$69.00 ,,,,,,
28,$195.00 ,,,,,,
28,$100.00 ,,,,,,
28,$129.00 ,,,,,,
28,$275.00 ,,,,,,
28,$74.00 ,,,,,,
28,$175.00 ,,,,,,
28,$65.00 ,,,,,,
28,$129.00 ,,,,,,
28,$47.00 ,,,,,,
28,$45.00 ,,,,,,
28,$105.00 ,,,,,,
28,$90.00 ,,,,,,
28,$92.00 ,,,,,,
28,$144.00 ,,,,,,
28,$120.00 ,,,,,,
28,$100.00 ,,,,,,
28,$159.00 ,,,,,,
28,$70.00 ,,,,,,
28,$45.00 ,,,,,,
28,$99.00 ,,,,,,
28,$150.00 ,,,,,,
28,$150.00 ,,,,,,
28,$100.00 ,,,,,,
28,$149.00 ,,,,,,
28,$90.00 ,,,,,,
28,$76.00 ,,,,,,
28,$92.00 ,,,,,,
28,$95.00 ,,,,,,
28,$65.00 ,,,,,,
28,$165.00 ,,,,,,
28,$108.00 ,,,,,,
29,$225.00 ,,,,,,
29,$141.00 ,,,,,,
29,$69.00 ,,,,,,
29,$105.00 ,,,,,,
29,$69.00 ,,,,,,
29,$125.00 ,,,,,,
29,$103.00 ,,,,,,
29,$333.00 ,,,,,,
29,$125.00 ,,,,,,
29,$175.00 ,,,,,,
29,$150.00 ,,,,,,
29,$168.00 ,,,,,,
29,$200.00 ,,,,,,
29,$219.00 ,,,,,,
29,$275.00 ,,,,,,
29,$109.00 ,,,,,,
29,$60.00 ,,,,,,
29,$219.00 ,,,,,,
29,$80.00 ,,,,,,
29,$95.00 ,,,,,,
29,$95.00 ,,,,,,
29,$125.00 ,,,,,,
29,$145.00 ,,,,,,
29,$209.00 ,,,,,,
29,$126.00 ,,,,,,
29,$45.00 ,,,,,,
29,$125.00 ,,,,,,
29,$65.00 ,,,,,,
29,$75.00 ,,,,,,
29,$120.00 ,,,,,,
29,$175.00 ,,,,,,
30,$140.00 ,,,,,,
30,$160.00 ,,,,,,
30,$40.00 ,,,,,,
30,$75.00 ,,,,,,
30,$40.00 ,,,,,,
30,$120.00 ,,,,,,
30,$120.00 ,,,,,,
30,$99.00 ,,,,,,
30,$120.00 ,,,,,,
30,$237.00 ,,,,,,
30,$72.00 ,,,,,,
30,$88.00 ,,,,,,
30,$75.00 ,,,,,,
30,$75.00 ,,,,,,
30,$200.00 ,,,,,,
30,$125.00 ,,,,,,
30,$60.00 ,,,,,,
30,$350.00 ,,,,,,
30,$195.00 ,,,,,,
30,$118.00 ,,,,,,
30,$250.00 ,,,,,,
30,$72.00 ,,,,,,
30,$50.00 ,,,,,,
30,$85.00 ,,,,,,
30,$100.00 ,,,,,,
30,$115.00 ,,,,,,
31,$70.00 ,,,,,,
31,$65.00 ,,,,,,
31,$149.00 ,,,,,,
31,$55.00 ,,,,,,
31,$125.00 ,,,,,,
31,$170.00 ,,,,,,
31,$300.00 ,,,,,,
31,$60.00 ,,,,,,
31,$557.00 ,,,,,,
31,$100.00 ,,,,,,
31,$120.00 ,,,,,,
31,$129.00 ,,,,,,
31,$110.00 ,,,,,,
31,$129.00 ,,,,,,
31,$250.00 ,,,,,,
31,$54.00 ,,,,,,
31,$90.00 ,,,,,,
31,$56.00 ,,,,,,
31,$78.00 ,,,,,,
31,$65.00 ,,,,,,
31,$100.00 ,,,,,,
31,$84.00 ,,,,,,
31,$195.00 ,,,,,,
31,$190.00 ,,,,,,
31,$204.00 ,,,,,,
31,$139.00 ,,,,,,
32,$150.00 ,,,,,,
32,$125.00 ,,,,,,
32,$120.00 ,,,,,,
32,$40.00 ,,,,,,
32,$135.00 ,,,,,,
32,$120.00 ,,,,,,
32,$144.00 ,,,,,,
32,$179.00 ,,,,,,
32,$90.00 ,,,,,,
32,$425.00 ,,,,,,
32,$135.00 ,,,,,,
32,$149.00 ,,,,,,
32,$129.00 ,,,,,,
32,$160.00 ,,,,,,
32,$88.00 ,,,,,,
32,$70.00 ,,,,,,
32,$80.00 ,,,,,,
32,$75.00 ,,,,,,
32,$70.00 ,,,,,,
32,$129.00 ,,,,,,
32,$195.00 ,,,,,,
32,$119.00 ,,,,,,
32,$199.00 ,,,,,,
32,$130.00 ,,,,,,
32,$252.00 ,,,,,,
33,$66.00 ,,,,,,
33,$90.00 ,,,,,,
33,$70.00 ,,,,,,
33,$90.00 ,,,,,,
33,$95.00 ,,,,,,
33,$55.00 ,,,,,,
33,$100.00 ,,,,,,
33,$135.00 ,,,,,,
33,$65.00 ,,,,,,
33,$195.00 ,,,,,,
33,$68.00 ,,,,,,
33,$65.00 ,,,,,,
33,$65.00 ,,,,,,
33,$119.00 ,,,,,,
33,$100.00 ,,,,,,
33,$130.00 ,,,,,,
33,$60.00 ,,,,,,
33,$70.00 ,,,,,,
33,$61.00 ,,,,,,
34,$349.00 ,,,,,,
34,$60.00 ,,,,,,
34,$92.00 ,,,,,,
34,$110.00 ,,,,,,
34,$59.00 ,,,,,,
34,$159.00 ,,,,,,
34,$125.00 ,,,,,,
34,$40.00 ,,,,,,
34,$95.00 ,,,,,,
34,$90.00 ,,,,,,
34,$200.00 ,,,,,,
34,$35.00 ,,,,,,
34,$60.00 ,,,,,,
34,$65.00 ,,,,,,
34,$47.00 ,,,,,,
34,$72.00 ,,,,,,
34,$99.00 ,,,,,,
34,$50.00 ,,,,,,
34,$220.00 ,,,,,,
34,$139.00 ,,,,,,
34,$65.00 ,,,,,,
34,$150.00 ,,,,,,
35,$200.00 ,,,,,,
35,$110.00 ,,,,,,
35,$85.00 ,,,,,,
35,$80.00 ,,,,,,
35,$90.00 ,,,,,,
35,$124.00 ,,,,,,
35,$250.00 ,,,,,,
35,$122.00 ,,,,,,
35,$65.00 ,,,,,,
35,$127.00 ,,,,,,
35,$82.00 ,,,,,,
35,$250.00 ,,,,,,
35,$68.00 ,,,,,,
35,$99.00 ,,,,,,
36,$90.00 ,,,,,,
36,$109.00 ,,,,,,
36,$65.00 ,,,,,,
36,$79.00 ,,,,,,
36,$59.00 ,,,,,,
36,$85.00 ,,,,,,
36,$150.00 ,,,,,,
36,$150.00 ,,,,,,
36,$99.00 ,,,,,,
36,$120.00 ,,,,,,
36,$129.00 ,,,,,,
36,$59.00 ,,,,,,
36,$79.00 ,,,,,,
36,$50.00 ,,,,,,
36,$86.00 ,,,,,,
36,$199.00 ,,,,,,
36,$85.00 ,,,,,,
36,$49.00 ,,,,,,
36,$120.00 ,,,,,,
36,$75.00 ,,,,,,
36,$125.00 ,,,,,,
37,$160.00 ,,,,,,
37,$85.00 ,,,,,,
37,$249.00 ,,,,,,
37,$53.00 ,,,,,,
37,$135.00 ,,,,,,
37,$149.00 ,,,,,,
37,$115.00 ,,,,,,
37,$168.00 ,,,,,,
37,$175.00 ,,,,,,
37,$100.00 ,,,,,,
37,$85.00 ,,,,,,
37,$65.00 ,,,,,,
37,$58.00 ,,,,,,
37,$95.00 ,,,,,,
37,$100.00 ,,,,,,
37,$110.00 ,,,,,,
37,$70.00 ,,,,,,
37,$119.00 ,,,,,,
37,$90.00 ,,,,,,
37,$60.00 ,,,,,,
37,$65.00 ,,,,,,
37,$330.00 ,,,,,,
37,$97.00 ,,,,,,
37,$89.00 ,,,,,,
37,$105.00 ,,,,,,
38,$450.00 ,,,,,,
38,$175.00 ,,,,,,
38,$99.00 ,,,,,,
38,$245.00 ,,,,,,
38,$425.00 ,,,,,,
38,$95.00 ,,,,,,
38,$186.00 ,,,,,,
38,$165.00 ,,,,,,
38,$350.00 ,,,,,,
38,$90.00 ,,,,,,
38,$380.00 ,,,,,,
38,$70.00 ,,,,,,
38,$84.00 ,,,,,,
38,$89.00 ,,,,,,
38,$47.00 ,,,,,,
38,$69.00 ,,,,,,
38,$69.00 ,,,,,,
38,$160.00 ,,,,,,
39,$80.00 ,,,,,,
39,$133.00 ,,,,,,
39,$175.00 ,,,,,,
39,$72.00 ,,,,,,
39,$218.00 ,,,,,,
39,$70.00 ,,,,,,
39,$139.00 ,,,,,,
39,$190.00 ,,,,,,
39,$151.00 ,,,,,,
39,$49.00 ,,,,,,
39,$45.00 ,,,,,,
39,$105.00 ,,,,,,
39,$75.00 ,,,,,,
39,$25.00 ,,,,,,
39,$90.00 ,,,,,,
40,$134.00 ,,,,,,
40,$112.00 ,,,,,,
40,$200.00 ,,,,,,
40,$80.00 ,,,,,,
40,$114.00 ,,,,,,
40,$196.00 ,,,,,,
40,$68.00 ,,,,,,
40,$150.00 ,,,,,,
40,$25.00 ,,,,,,
40,$105.00 ,,,,,,
40,$100.00 ,,,,,,
40,$85.00 ,,,,,,
40,$72.00 ,,,,,,
40,$65.00 ,,,,,,
40,$150.00 ,,,,,,
40,$52.00 ,,,,,,
41,$350.00 ,,,,,,
41,$295.00 ,,,,,,
41,$92.00 ,,,,,,
41,$44.00 ,,,,,,
41,$82.00 ,,,,,,
41,$55.00 ,,,,,,
41,$165.00 ,,,,,,
41,$72.00 ,,,,,,
41,$58.00 ,,,,,,
41,$250.00 ,,,,,,
41,$120.00 ,,,,,,
41,$119.00 ,,,,,,
41,$80.00 ,,,,,,
41,$95.00 ,,,,,,
41,$250.00 ,,,,,,
41,$275.00 ,,,,,,
41,$99.00 ,,,,,,
42,$60.00 ,,,,,,
42,$169.00 ,,,,,,
42,$49.00 ,,,,,,
42,$170.00 ,,,,,,
42,$170.00 ,,,,,,
42,$169.00 ,,,,,,
42,$62.00 ,,,,,,
42,$95.00 ,,,,,,
42,$39.00 ,,,,,,
43,$150.00 ,,,,,,
43,$90.00 ,,,,,,
43,$110.00 ,,,,,,
43,$95.00 ,,,,,,
43,$99.00 ,,,,,,
43,$300.00 ,,,,,,
43,$75.00 ,,,,,,
43,$139.00 ,,,,,,
43,$55.00 ,,,,,,
43,$79.00 ,,,,,,
43,$149.00 ,,,,,,
43,$50.00 ,,,,,,
43,$65.00 ,,,,,,
44,$145.00 ,,,,,,
44,$97.00 ,,,,,,
44,$115.00 ,,,,,,
44,$79.00 ,,,,,,
44,$145.00 ,,,,,,
44,$120.00 ,,,,,,
44,$62.00 ,,,,,,
44,$219.00 ,,,,,,
44,$115.00 ,,,,,,
44,$300.00 ,,,,,,
44,$35.00 ,,,,,,
44,$52.00 ,,,,,,
44,$60.00 ,,,,,,
44,$40.00 ,,,,,,
44,$150.00 ,,,,,,
44,$109.00 ,,,,,,
44,$169.00 ,,,,,,
44,$75.00 ,,,,,,
44,$138.00 ,,,,,,
44,$240.00 ,,,,,,
45,$99.00 ,,,,,,
45,$145.00 ,,,,,,
45,$175.00 ,,,,,,
45,$48.00 ,,,,,,
45,$54.00 ,,,,,,
45,$115.00 ,,,,,,
45,$100.00 ,,,,,,
45,$145.00 ,,,,,,
45,$100.00 ,,,,,,
45,$149.00 ,,,,,,
45,$87.00 ,,,,,,
45,$124.00 ,,,,,,
45,$69.00 ,,,,,,
45,$47.00 ,,,,,,
45,$85.00 ,,,,,,
45,$60.00 ,,,,,,
45,$100.00 ,,,,,,
45,$119.00 ,,,,,,
45,$144.00 ,,,,,,
45,$135.00 ,,,,,,
45,$125.00 ,,,,,,
45,$105.00 ,,,,,,
46,$65.00 ,,,,,,
46,$110.00 ,,,,,,
46,$109.00 ,,,,,,
46,$183.00 ,,,,,,
46,$99.00 ,,,,,,
46,$37.00 ,,,,,,
46,$72.00 ,,,,,,
46,$95.00 ,,,,,,
46,$89.00 ,,,,,,
46,$95.00 ,,,,,,
46,$125.00 ,,,,,,
46,$150.00 ,,,,,,
47,$310.00 ,,,,,,
47,$85.00 ,,,,,,
47,$165.00 ,,,,,,
47,$95.00 ,,,,,,
47,$200.00 ,,,,,,
47,$115.00 ,,,,,,
47,$99.00 ,,,,,,
47,$65.00 ,,,,,,
47,$60.00 ,,,,,,
47,$75.00 ,,,,,,
47,$80.00 ,,,,,,
48,$125.00 ,,,,,,
48,$100.00 ,,,,,,
48,$160.00 ,,,,,,
48,$149.00 ,,,,,,
48,$179.00 ,,,,,,
48,$55.00 ,,,,,,
48,$85.00 ,,,,,,
48,$95.00 ,,,,,,
48,$167.00 ,,,,,,
48,$149.00 ,,,,,,
48,$195.00 ,,,,,,
48,$70.00 ,,,,,,
48,$125.00 ,,,,,,
48,$110.00 ,,,,,,
49,$85.00 ,,,,,,
49,$110.00 ,,,,,,
49,$103.00 ,,,,,,
49,$100.00 ,,,,,,
49,$55.00 ,,,,,,
49,$155.00 ,,,,,,
49,$58.00 ,,,,,,
49,$87.00 ,,,,,,
49,$93.00 ,,,,,,
49,$100.00 ,,,,,,
49,$150.00 ,,,,,,
49,$35.00 ,,,,,,
49,$68.00 ,,,,,,
49,$90.00 ,,,,,,
50,$57.00 ,,,,,,
50,$80.00 ,,,,,,
50,$90.00 ,,,,,,
50,$199.00 ,,,,,,
50,$100.00 ,,,,,,
50,$82.00 ,,,,,,
50,$100.00 ,,,,,,
50,$150.00 ,,,,,,
50,$110.00 ,,,,,,
51,$81.00 ,,,,,,
51,$90.00 ,,,,,,
51,$180.00 ,,,,,,
51,$110.00 ,,,,,,
51,$100.00 ,,,,,,
51,$120.00 ,,,,,,
51,$125.00 ,,,,,,
52,$80.00 ,,,,,,
52,$100.00 ,,,,,,
52,$90.00 ,,,,,,
52,$89.00 ,,,,,,
52,$90.00 ,,,,,,
52,$69.00 ,,,,,,
52,$70.00 ,,,,,,
52,$100.00 ,,,,,,
52,$85.00 ,,,,,,
52,$50.00 ,,,,,,
52,$84.00 ,,,,,,
52,$80.00 ,,,,,,
52,$119.00 ,,,,,,
52,$111.00 ,,,,,,
52,$103.00 ,,,,,,
53,$285.00 ,,,,,,
53,$110.00 ,,,,,,
53,$75.00 ,,,,,,
53,$115.00 ,,,,,,
53,$92.00 ,,,,,,
53,$120.00 ,,,,,,
53,$110.00 ,,,,,,
53,$59.00 ,,,,,,
53,$110.00 ,,,,,,
53,$63.00 ,,,,,,
53,$65.00 ,,,,,,
53,$79.00 ,,,,,,
54,$90.00 ,,,,,,
54,$85.00 ,,,,,,
54,$95.00 ,,,,,,
54,$39.00 ,,,,,,
54,$999.00 ,,,,,,
54,$100.00 ,,,,,,
54,$151.00 ,,,,,,
54,$110.00 ,,,,,,
54,$130.00 ,,,,,,
54,$117.00 ,,,,,,
54,$99.00 ,,,,,,
54,$95.00 ,,,,,,
54,$75.00 ,,,,,,
54,$175.00 ,,,,,,
54,$95.00 ,,,,,,
55,$90.00 ,,,,,,
55,$180.00 ,,,,,,
55,$225.00 ,,,,,,
55,$80.00 ,,,,,,
55,$129.00 ,,,,,,
55,$88.00 ,,,,,,
55,$105.00 ,,,,,,
55,$69.00 ,,,,,,
55,$68.00 ,,,,,,
55,$65.00 ,,,,,,
55,$147.00 ,,,,,,
55,$64.00 ,,,,,,
55,$139.00 ,,,,,,
55,$99.00 ,,,,,,
56,$80.00 ,,,,,,
56,$96.00 ,,,,,,
56,$105.00 ,,,,,,
56,$175.00 ,,,,,,
56,$89.00 ,,,,,,
56,$85.00 ,,,,,,
56,$70.00 ,,,,,,
57,$96.00 ,,,,,,
57,$41.00 ,,,,,,
57,$64.00 ,,,,,,
57,$159.00 ,,,,,,
57,$179.00 ,,,,,,
57,$129.00 ,,,,,,
57,$175.00 ,,,,,,
57,$42.00 ,,,,,,
57,$49.00 ,,,,,,
57,$100.00 ,,,,,,
57,$120.00 ,,,,,,
58,$80.00 ,,,,,,
58,$97.00 ,,,,,,
58,$40.00 ,,,,,,
58,$81.00 ,,,,,,
58,$50.00 ,,,,,,
58,$160.00 ,,,,,,
58,$90.00 ,,,,,,
58,$85.00 ,,,,,,
58,$50.00 ,,,,,,
58,$95.00 ,,,,,,
59,$120.00 ,,,,,,
59,$150.00 ,,,,,,
59,$80.00 ,,,,,,
59,$49.00 ,,,,,,
59,$70.00 ,,,,,,
59,$97.00 ,,,,,,
60,$110.00 ,,,,,,
60,$110.00 ,,,,,,
60,$140.00 ,,,,,,
60,$95.00 ,,,,,,
60,$65.00 ,,,,,,
60,$96.00 ,,,,,,
60,$55.00 ,,,,,,
61,$110.00 ,,,,,,
61,$65.00 ,,,,,,
61,$69.00 ,,,,,,
61,$100.00 ,,,,,,
61,$79.00 ,,,,,,
61,$119.00 ,,,,,,
62,$159.00 ,,,,,,
62,$100.00 ,,,,,,
62,$85.00 ,,,,,,
62,$79.00 ,,,,,,
62,$95.00 ,,,,,,
62,$130.00 ,,,,,,
63,$142.00 ,,,,,,
63,$70.00 ,,,,,,
63,$110.00 ,,,,,,
63,$75.00 ,,,,,,
63,$66.00 ,,,,,,
63,$150.00 ,,,,,,
63,$120.00 ,,,,,,
64,$65.00 ,,,,,,
64,$95.00 ,,,,,,
64,$55.00 ,,,,,,
64,$80.00 ,,,,,,
64,$79.00 ,,,,,,
64,$150.00 ,,,,,,
64,$50.00 ,,,,,,
64,$122.00 ,,,,,,
64,$60.00 ,,,,,,
64,$70.00 ,,,,,,
64,$75.00 ,,,,,,
64,$78.00 ,,,,,,
64,$120.00 ,,,,,,
65,$85.00 ,,,,,,
65,$95.00 ,,,,,,
65,$75.00 ,,,,,,
65,$150.00 ,,,,,,
65,$112.00 ,,,,,,
65,$115.00 ,,,,,,
66,$70.00 ,,,,,,
66,$114.00 ,,,,,,
66,$99.00 ,,,,,,
66,$40.00 ,,,,,,
66,$121.00 ,,,,,,
66,$39.00 ,,,,,,
66,$100.00 ,,,,,,
66,$51.00 ,,,,,,
67,$128.00 ,,,,,,
67,$125.00 ,,,,,,
67,$85.00 ,,,,,,
67,$36.00 ,,,,,,
67,$65.00 ,,,,,,
67,$68.00 ,,,,,,
67,$79.00 ,,,,,,
67,$68.00 ,,,,,,
67,$99.00 ,,,,,,
67,$275.00 ,,,,,,
68,$325.00 ,,,,,,
68,$95.00 ,,,,,,
68,$70.00 ,,,,,,
68,$58.00 ,,,,,,
68,$250.00 ,,,,,,
68,$139.00 ,,,,,,
68,$69.00 ,,,,,,
68,$105.00 ,,,,,,
69,$80.00 ,,,,,,
69,$90.00 ,,,,,,
69,$126.00 ,,,,,,
69,$55.00 ,,,,,,
70,$99.00 ,,,,,,
70,$254.00 ,,,,,,
70,$55.00 ,,,,,,
70,$147.00 ,,,,,,
70,$60.00 ,,,,,,
70,$256.00 ,,,,,,
70,$60.00 ,,,,,,
71,$110.00 ,,,,,,
71,$79.00 ,,,,,,
71,$135.00 ,,,,,,
71,$75.00 ,,,,,,
71,$88.00 ,,,,,,
71,$155.00 ,,,,,,
71,$220.00 ,,,,,,
71,$87.00 ,,,,,,
71,$115.00 ,,,,,,
71,$62.00 ,,,,,,
71,$125.00 ,,,,,,
72,$90.00 ,,,,,,
72,$117.00 ,,,,,,
72,$99.00 ,,,,,,
72,$80.00 ,,,,,,
72,$75.00 ,,,,,,
72,$105.00 ,,,,,,
72,$54.00 ,,,,,,
73,$55.00 ,,,,,,
73,$65.00 ,,,,,,
73,$65.00 ,,,,,,
73,$59.00 ,,,,,,
73,$95.00 ,,,,,,
74,$116.00 ,,,,,,
74,$85.00 ,,,,,,
74,$135.00 ,,,,,,
74,$160.00 ,,,,,,
74,$65.00 ,,,,,,
74,$80.00 ,,,,,,
74,$60.00 ,,,,,,
75,$70.00 ,,,,,,
75,$168.00 ,,,,,,
75,$111.00 ,,,,,,
75,$175.00 ,,,,,,
75,$150.00 ,,,,,,
75,$69.00 ,,,,,,
75,$175.00 ,,,,,,
76,$75.00 ,,,,,,
76,$75.00 ,,,,,,
76,$69.00 ,,,,,,
76,$70.00 ,,,,,,
77,$95.00 ,,,,,,
77,$65.00 ,,,,,,
77,$95.00 ,,,,,,
77,$99.00 ,,,,,,
77,$152.00 ,,,,,,
77,$57.00 ,,,,,,
78,$75.00 ,,,,,,
78,$80.00 ,,,,,,
78,$169.00 ,,,,,,
78,$109.00 ,,,,,,
79,$75.00 ,,,,,,
79,$95.00 ,,,,,,
79,$49.00 ,,,,,,
79,$56.00 ,,,,,,
79,$135.00 ,,,,,,
79,$75.00 ,,,,,,
79,$90.00 ,,,,,,
80,$45.00 ,,,,,,
80,$170.00 ,,,,,,
80,$150.00 ,,,,,,
80,$100.00 ,,,,,,
80,$108.00 ,,,,,,
80,$100.00 ,,,,,,
80,$52.00 ,,,,,,
80,$89.00 ,,,,,,
80,$85.00 ,,,,,,
81,$75.00 ,,,,,,
81,$109.00 ,,,,,,
81,$150.00 ,,,,,,
81,$115.00 ,,,,,,
81,$125.00 ,,,,,,
81,$399.00 ,,,,,,
81,$30.00 ,,,,,,
81,$50.00 ,,,,,,
81,$97.00 ,,,,,,
81,$129.00 ,,,,,,
82,$45.00 ,,,,,,
82,$85.00 ,,,,,,
82,$115.00 ,,,,,,
82,$49.00 ,,,,,,
83,$57.00 ,,,,,,
83,$95.00 ,,,,,,
84,$66.00 ,,,,,,
84,$100.00 ,,,,,,
84,$69.00 ,,,,,,
84,$195.00 ,,,,,,
84,$129.00 ,,,,,,
84,$225.00 ,,,,,,
84,$84.00 ,,,,,,
85,$149.00 ,,,,,,
85,$58.00 ,,,,,,
86,$55.00 ,,,,,,
86,$55.00 ,,,,,,
86,$59.00 ,,,,,,
86,$150.00 ,,,,,,
86,$115.00 ,,,,,,
86,$89.00 ,,,,,,
86,$55.00 ,,,,,,
86,$95.00 ,,,,,,
87,$99.00 ,,,,,,
88,$80.00 ,,,,,,
88,$95.00 ,,,,,,
88,$85.00 ,,,,,,
88,$90.00 ,,,,,,
88,$115.00 ,,,,,,
89,$58.00 ,,,,,,
89,$105.00 ,,,,,,
90,$92.00 ,,,,,,
90,$99.00 ,,,,,,
91,$137.00 ,,,,,,
91,$95.00 ,,,,,,
92,$79.00 ,,,,,,
92,$144.00 ,,,,,,
92,$80.00 ,,,,,,
93,$95.00 ,,,,,,
93,$88.00 ,,,,,,
93,$55.00 ,,,,,,
93,$75.00 ,,,,,,
93,$48.00 ,,,,,,
94,$72.00 ,,,,,,
94,$69.00 ,,,,,,
94,$69.00 ,,,,,,
94,$100.00 ,,,,,,
95,$59.00 ,,,,,,
95,$150.00 ,,,,,,
95,$149.00 ,,,,,,
95,$55.00 ,,,,,,
95,$80.00 ,,,,,,
96,$150.00 ,,,,,,
96,$138.00 ,,,,,,
97,$110.00 ,,,,,,
97,$70.00 ,,,,,,
98,$250.00 ,,,,,,
99,$52.00 ,,,,,,
99,$145.00 ,,,,,,
99,$85.00 ,,,,,,
100,$54.00 ,,,,,,
100,$149.00 ,,,,,,
100,$99.00 ,,,,,,
100,$145.00 ,,,,,,
101,$39.00 ,,,,,,
101,$96.00 ,,,,,,
102,$85.00 ,,,,,,
102,$100.00 ,,,,,,
102,$70.00 ,,,,,,
103,$149.00 ,,,,,,
103,$120.00 ,,,,,,
103,$52.00 ,,,,,,
104,$79.00 ,,,,,,
104,$69.00 ,,,,,,
104,$98.00 ,,,,,,
105,$99.00 ,,,,,,
105,$75.00 ,,,,,,
105,$80.00 ,,,,,,
105,$125.00 ,,,,,,
106,$99.00 ,,,,,,
106,$115.00 ,,,,,,
106,$99.00 ,,,,,,
106,$129.00 ,,,,,,
106,$65.00 ,,,,,,
106,$65.00 ,,,,,,
106,$51.00 ,,,,,,
106,$67.00 ,,,,,,
106,$76.00 ,,,,,,
107,$275.00 ,,,,,,
107,$40.00 ,,,,,,
107,$169.00 ,,,,,,
107,$58.00 ,,,,,,
108,$35.00 ,,,,,,
108,$65.00 ,,,,,,
108,$67.00 ,,,,,,
109,$90.00 ,,,,,,
109,$95.00 ,,,,,,
109,$95.00 ,,,,,,
109,$60.00 ,,,,,,
109,$129.00 ,,,,,,
110,$199.00 ,,,,,,
111,$99.00 ,,,,,,
112,$110.00 ,,,,,,
113,$195.00 ,,,,,,
113,$122.00 ,,,,,,
113,$85.00 ,,,,,,
114,$175.00 ,,,,,,
115,$95.00 ,,,,,,
115,$99.00 ,,,,,,
115,$82.00 ,,,,,,
115,$115.00 ,,,,,,
115,$90.00 ,,,,,,
117,$70.00 ,,,,,,
117,$58.00 ,,,,,,
118,$95.00 ,,,,,,
119,$115.00 ,,,,,,
120,$225.00 ,,,,,,
121,$225.00 ,,,,,,
121,$125.00 ,,,,,,
121,$50.00 ,,,,,,
122,$93.00 ,,,,,,
123,$100.00 ,,,,,,
124,$89.00 ,,,,,,
124,$69.00 ,,,,,,
125,$89.00 ,,,,,,
125,$95.00 ,,,,,,
125,$115.00 ,,,,,,
127,$90.00 ,,,,,,
128,$77.00 ,,,,,,
131,$120.00 ,,,,,,
132,$125.00 ,,,,,,
132,$79.00 ,,,,,,
133,$114.00 ,,,,,,
134,$89.00 ,,,,,,
134,$75.00 ,,,,,,
135,$145.00 ,,,,,,
135,$135.00 ,,,,,,
135,$155.00 ,,,,,,
135,$95.00 ,,,,,,
136,$70.00 ,,,,,,
136,$55.00 ,,,,,,
136,$129.00 ,,,,,,
136,$150.00 ,,,,,,
137,$75.00 ,,,,,,
138,$125.00 ,,,,,,
139,$98.00 ,,,,,,
139,$79.00 ,,,,,,
141,$90.00 ,,,,,,
142,$120.00 ,,,,,,
144,$60.00 ,,,,,,
144,$75.00 ,,,,,,
145,$168.00 ,,,,,,
146,$59.00 ,,,,,,
146,$115.00 ,,,,,,
146,$75.00 ,,,,,,
146,$99.00 ,,,,,,
147,$93.00 ,,,,,,
147,$60.00 ,,,,,,
148,$65.00 ,,,,,,
150,$65.00 ,,,,,,
151,$95.00 ,,,,,,
151,$75.00 ,,,,,,
154,$129.00 ,,,,,,
155,$97.00 ,,,,,,
156,$217.00 ,,,,,,
158,$128.00 ,,,,,,
158,$65.00 ,,,,,,
158,$80.00 ,,,,,,
159,$150.00 ,,,,,,
159,$100.00 ,,,,,,
161,$69.00 ,,,,,,
164,$124.00 ,,,,,,
164,$195.00 ,,,,,,
165,$149.00 ,,,,,,
166,$38.00 ,,,,,,
168,$89.00 ,,,,,,
168,$55.00 ,,,,,,
170,$80.00 ,,,,,,
173,$60.00 ,,,,,,
175,$90.00 ,,,,,,
175,$71.00 ,,,,,,
179,$99.00 ,,,,,,
180,$95.00 ,,,,,,
181,$95.00 ,,,,,,
181,$82.00 ,,,,,,
181,$80.00 ,,,,,,
182,$59.00 ,,,,,,
182,$120.00 ,,,,,,
183,$70.00 ,,,,,,
188,$138.00 ,,,,,,
189,$79.00 ,,,,,,
190,$42.00 ,,,,,,
191,$60.00 ,,,,,,
191,$99.00 ,,,,,,
193,$89.00 ,,,,,,
203,$55.00 ,,,,,,
204,$55.00 ,,,,,,
206,$62.00 ,,,,,,
207,$85.00 ,,,,,,
207,$55.00 ,,,,,,
209,$69.00 ,,,,,,
210,$79.00 ,,,,,,
219,$95.00 ,,,,,,
233,$99.00 ,,,,,,
233,$85.00 ,,,,,,
238,$75.00 ,,,,,,
240,$99.00 ,,,,,,
244,$89.00 ,,,,,,
255,$69.00 ,,,,,,
263,$58.00 ,,,,,,
265,$99.00 ,,,,,,
270,$79.00 ,,,,,,
277,$55.00 ,,,,,,
278,$79.00 ,,,,,,
279,$58.00 ,,,,,,
287,$86.00 ,,,,,,
294,$89.00 ,,,,,,
297,$48.00 ,,,,,,
319,$99.00 ,,,,,,
320,$89.00 ,,,,,,
353,$65.00 ,,,,,,
404,$75.00 ,,,,,,
466,$89.00 ,,,,,,
474,$89.00 ,,,,,,